GFN Account Number;Account Name;Account Owner;Accounting Clerk: Accounting Clerk Code;Banding;Legal Entity;Market Segment / Characteristics;Sales Rep Code;GFN Status
AB10000000;Alpha Transport Ltd;Emily Lewis;1E;Platinum;Ltd;Education;50070404;Blocked
AB10000001;Beta Transport Ltd;Alice Thompson;4H;Bronze;Ltd;Energy;50057433;Blocked
AB10000002;Gamma Transport Ltd;Emma Johnson;7K;Platinum;Unlimited;Energy;50036881;Active
AB10000003;Delta Transport Ltd;Olivia Davis;8L;Platinum;CIC;Manufacturing;50074974;Active
AB10000004;Epsilon Transport Ltd;Sophie Green;1E;Silver;PLC;Finance;50053751;Active
AB10000005;Zeta Transport Ltd;Daniel Smith;2F;Silver;Unlimited;Energy;50053067;Active
AB10000006;Eta Transport Ltd;Gerard van Herpen;2F;Bronze;Ltd;Wholesale;50054631;Active
AB10000007;Theta Transport Ltd;Emma Johnson;7K;Gold;PLC;Wholesale;50074955;Active
AB10000008;Iota Transport Ltd;Alice Thompson;3G;Silver;PLC;Energy;50053781;Blocked
AB10000009;Kappa Transport Ltd;Sophie Green;8L;Platinum;PLC;Retail;50010240;Blocked
AB10000010;Lambda Transport Ltd;Alice Thompson;0N;Platinum;Unlimited;Energy;50007813;Active
AB10000011;Mu Transport Ltd;James White;1E;Silver;LLP;Healthcare;50084352;Blocked
AB10000012;Nu Transport Ltd;William Clark;4H;Bronze;LLP;Energy;50012471;Blocked
AB10000013;Xi Transport Ltd;James White;0N;Bronze;PLC;Education;50057776;Active
AB10000014;Omicron Transport Ltd;Gerard van Herpen;7K;Platinum;Ltd;Energy;50096870;Blocked
AB10000015;Pi Transport Ltd;Olivia Davis;7K;Gold;Unlimited;Healthcare;50092672;Active
AB10000016;Rho Transport Ltd;Emma Johnson;2F;Silver;LLP;Technology;50079401;Active
AB10000017;Sigma Transport Ltd;Michael Brown;0N;Bronze;PLC;Technology;50038255;Active
AB10000018;Tau Transport Ltd;Emma Johnson;4H;Silver;Unlimited;Retail;50038273;Blocked
AB10000019;Upsilon Transport Ltd;Emma Johnson;3G;Bronze;Unlimited;Manufacturing;50096081;Blocked
AB10000020;Phi Transport Ltd;James White;0N;Platinum;Unlimited;Manufacturing;50082238;Blocked
AB10000021;Chi Transport Ltd;Daniel Smith;6J;Gold;PLC;Wholesale;50003351;Blocked
AB10000022;Psi Transport Ltd;Sophie Green;3G;Silver;Ltd;Education;50095534;Blocked
AB10000023;Omega Transport Ltd;Olivia Davis;2F;Platinum;Unlimited;Wholesale;50096637;Active
AB10000024;Apex Transport Ltd;James White;3G;Bronze;Ltd;Wholesale;50005648;Active
AB10000025;Orbit Transport Ltd;Emily Lewis;3G;Bronze;PLC;Technology;50054239;Blocked
AB10000026;Nova Transport Ltd;Emma Johnson;1E;Gold;LLP;Wholesale;50010824;Active
AB10000027;Zenith Transport Ltd;Daniel Smith;8L;Platinum;Unlimited;Healthcare;50020493;Active
AB10000028;Vertex Transport Ltd;Olivia Davis;5I;Bronze;LLP;Wholesale;50065794;Blocked
AB10000029;Nimbus Transport Ltd;Michael Brown;7K;Silver;LLP;Healthcare;50065780;Blocked
AB10000030;Pioneer Transport Ltd;Daniel Smith;1E;Bronze;Unlimited;Manufacturing;50061850;Active
AB10000031;Voyager Transport Ltd;Daniel Smith;9M;Platinum;Ltd;Manufacturing;50056480;Active
AB10000032;Atlas Transport Ltd;Emma Johnson;5I;Bronze;PLC;Wholesale;50089753;Active
AB10000033;Titan Transport Ltd;Sophie Green;6J;Silver;Unlimited;Technology;50017068;Active
AB10000034;Comet Transport Ltd;William Clark;8L;Platinum;Unlimited;Finance;50053099;Blocked
AB10000035;Meteor Transport Ltd;Sophie Green;0N;Bronze;LLP;Finance;50006388;Blocked
AB10000036;Rocket Transport Ltd;Gerard van Herpen;4H;Gold;Unlimited;Technology;50071780;Active
AB10000037;Stellar Transport Ltd;Emma Johnson;3G;Gold;LLP;Technology;50080517;Active
AB10000038;Galaxy Transport Ltd;Olivia Davis;2F;Gold;CIC;Education;50096660;Blocked
AB10000039;Nebula Transport Ltd;Olivia Davis;0N;Bronze;LLP;Technology;50049292;Active
AB10000040;Fusion Transport Ltd;Daniel Smith;4H;Gold;Ltd;Manufacturing;50055435;Active
AB10000041;Quantum Transport Ltd;Emma Johnson;2F;Bronze;Ltd;Energy;50055126;Blocked
AB10000042;Velocity Transport Ltd;William Clark;4H;Bronze;PLC;Education;50063989;Blocked
AB10000043;Momentum Transport Ltd;James White;3G;Gold;Unlimited;Healthcare;50088690;Active
AB10000044;Pulse Transport Ltd;Sophie Green;2F;Silver;PLC;Wholesale;50099505;Blocked
AB10000045;Drive Transport Ltd;Michael Brown;7K;Silver;Ltd;Manufacturing;50007218;Blocked
AB10000046;Stream Transport Ltd;Emily Lewis;4H;Silver;CIC;Education;50088983;Blocked
AB10000047;Flow Transport Ltd;Olivia Davis;5I;Gold;PLC;Finance;50003432;Blocked
AB10000048;Surge Transport Ltd;William Clark;0N;Bronze;PLC;Finance;50037377;Active
AB10000049;Wave Transport Ltd;William Clark;4H;Bronze;LLP;Finance;50033448;Blocked
AB10000050;Ship7665 Ltd;Sophie Green;4H;Silver;CIC;Finance;50040174;Active
AB10000051;Ship3947 Ltd;James White;0N;Silver;LLP;Retail;50074064;Active
AB10000052;Trans6353 Ltd;James White;6J;Gold;Ltd;Technology;50079260;Active
AB10000053;Move1600 Ltd;Daniel Smith;6J;Silver;PLC;Healthcare;50093103;Active
AB10000054;Ship7597 Ltd;Michael Brown;1E;Gold;LLP;Retail;50031736;Blocked
AB10000055;Ship3515 Ltd;Alice Thompson;4H;Silver;CIC;Wholesale;50035694;Blocked
AB10000056;Carry6969 Ltd;Alice Thompson;5I;Bronze;CIC;Education;50027599;Blocked
AB10000057;Carry4755 Ltd;Emma Johnson;1E;Bronze;LLP;Technology;50013638;Blocked
AB10000058;Move4892 Ltd;Sophie Green;3G;Bronze;CIC;Technology;50071336;Active
AB10000059;Move5966 Ltd;Sophie Green;6J;Gold;LLP;Manufacturing;50037788;Active
AB10000060;Move3038 Ltd;James White;2F;Gold;LLP;Technology;50060310;Active
AB10000061;Move1625 Ltd;Emma Johnson;6J;Bronze;CIC;Retail;50075516;Active
AB10000062;Ship2287 Ltd;Michael Brown;4H;Platinum;Unlimited;Retail;50026954;Blocked
AB10000063;Trans3147 Ltd;William Clark;2F;Gold;LLP;Wholesale;50039666;Active
AB10000064;Ship8507 Ltd;Sophie Green;8L;Platinum;CIC;Retail;50014385;Blocked
AB10000065;Move6009 Ltd;Alice Thompson;2F;Bronze;PLC;Energy;50085287;Active
AB10000066;Trans6920 Ltd;William Clark;9M;Bronze;CIC;Finance;50095310;Blocked
AB10000067;Trans4892 Ltd;Olivia Davis;9M;Bronze;PLC;Technology;50093549;Blocked
AB10000068;Carry4849 Ltd;Gerard van Herpen;3G;Silver;Unlimited;Technology;50041454;Active
AB10000069;Carry6347 Ltd;Emma Johnson;4H;Bronze;PLC;Education;50025494;Blocked
AB10000070;Trans4401 Ltd;Daniel Smith;3G;Bronze;Ltd;Finance;50006746;Blocked
AB10000071;Move6706 Ltd;Michael Brown;9M;Silver;LLP;Healthcare;50015607;Blocked
AB10000072;Carry3641 Ltd;Gerard van Herpen;7K;Platinum;CIC;Retail;50079600;Blocked
AB10000073;Move3956 Ltd;Alice Thompson;6J;Silver;LLP;Manufacturing;50012544;Active
AB10000074;Carry5680 Ltd;Gerard van Herpen;2F;Platinum;CIC;Finance;50016264;Blocked
AB10000075;Ship1107 Ltd;Michael Brown;0N;Bronze;Ltd;Technology;50039607;Blocked
AB10000076;Ship9940 Ltd;Emma Johnson;2F;Silver;Ltd;Manufacturing;50080684;Active
AB10000077;Trans4331 Ltd;William Clark;5I;Gold;CIC;Finance;50026563;Blocked
AB10000078;Move6690 Ltd;Sophie Green;0N;Silver;Ltd;Manufacturing;50085151;Active
AB10000079;Carry2694 Ltd;Olivia Davis;5I;Platinum;PLC;Healthcare;50025782;Blocked
AB10000080;Trans5831 Ltd;Sophie Green;8L;Bronze;LLP;Energy;50072694;Active
AB10000081;Ship3494 Ltd;Michael Brown;6J;Bronze;LLP;Retail;50017691;Blocked
AB10000082;Ship5835 Ltd;James White;2F;Platinum;Ltd;Finance;50042331;Blocked
AB10000083;Move1118 Ltd;Emily Lewis;2F;Bronze;LLP;Education;50093137;Blocked
AB10000084;Carry9545 Ltd;Emily Lewis;1E;Silver;PLC;Healthcare;50016635;Blocked
AB10000085;Trans9716 Ltd;William Clark;6J;Bronze;PLC;Energy;50095975;Blocked
AB10000086;Trans8031 Ltd;Emma Johnson;6J;Platinum;Ltd;Energy;50020157;Blocked
AB10000087;Move4793 Ltd;Alice Thompson;3G;Bronze;Unlimited;Wholesale;50070585;Blocked
AB10000088;Ship2149 Ltd;Sophie Green;3G;Bronze;Ltd;Education;50040664;Blocked
AB10000089;Ship5524 Ltd;James White;0N;Bronze;LLP;Energy;50050808;Blocked
AB10000090;Trans8895 Ltd;Olivia Davis;5I;Bronze;CIC;Energy;50020996;Active
AB10000091;Carry7822 Ltd;Michael Brown;1E;Silver;Unlimited;Energy;50043493;Active
AB10000092;Move4229 Ltd;Olivia Davis;2F;Platinum;PLC;Retail;50050039;Blocked
AB10000093;Carry3447 Ltd;Alice Thompson;5I;Bronze;PLC;Education;50053731;Blocked
AB10000094;Trans7201 Ltd;Sophie Green;1E;Bronze;CIC;Retail;50035070;Blocked
AB10000095;Trans1017 Ltd;Daniel Smith;1E;Platinum;PLC;Healthcare;50089907;Active
AB10000096;Carry3407 Ltd;William Clark;1E;Platinum;Ltd;Energy;50096796;Blocked
AB10000097;Carry9049 Ltd;William Clark;5I;Gold;CIC;Wholesale;50017858;Active
AB10000098;Ship4894 Ltd;William Clark;1E;Silver;Ltd;Retail;50032937;Blocked
AB10000099;Carry8265 Ltd;Michael Brown;4H;Platinum;LLP;Technology;50054070;Active
AB10000100;Carry2317 Ltd;Emma Johnson;0N;Silver;Ltd;Technology;50089424;Active
AB10000101;Ship8160 Ltd;Emma Johnson;0N;Gold;PLC;Retail;50021612;Blocked
AB10000102;Trans7991 Ltd;Michael Brown;1E;Bronze;Ltd;Energy;50004072;Blocked
AB10000103;Carry9523 Ltd;Emma Johnson;3G;Silver;Unlimited;Healthcare;50044677;Blocked
AB10000104;Carry7589 Ltd;William Clark;5I;Gold;CIC;Retail;50003527;Blocked
AB10000105;Move5195 Ltd;Michael Brown;4H;Platinum;Ltd;Wholesale;50015833;Active
AB10000106;Ship4422 Ltd;Emily Lewis;0N;Gold;PLC;Wholesale;50026954;Blocked
AB10000107;Carry3059 Ltd;James White;0N;Gold;Ltd;Technology;50064055;Active
AB10000108;Trans2250 Ltd;James White;4H;Silver;PLC;Manufacturing;50046365;Blocked
AB10000109;Trans3642 Ltd;Gerard van Herpen;1E;Gold;CIC;Wholesale;50055753;Active
AB10000110;Carry3834 Ltd;James White;6J;Platinum;LLP;Wholesale;50048110;Active
AB10000111;Move6391 Ltd;William Clark;5I;Gold;Ltd;Manufacturing;50090760;Blocked
AB10000112;Move9740 Ltd;Emma Johnson;6J;Silver;CIC;Education;50099534;Blocked
AB10000113;Carry6877 Ltd;William Clark;9M;Platinum;Ltd;Energy;50078906;Blocked
AB10000114;Carry7078 Ltd;Alice Thompson;7K;Platinum;Ltd;Manufacturing;50049862;Blocked
AB10000115;Carry1321 Ltd;Emma Johnson;7K;Silver;LLP;Finance;50076043;Active
AB10000116;Carry9074 Ltd;James White;3G;Silver;LLP;Energy;50029587;Active
AB10000117;Ship8843 Ltd;William Clark;2F;Bronze;CIC;Technology;50060882;Active
AB10000118;Trans1556 Ltd;Daniel Smith;7K;Platinum;CIC;Education;50084742;Blocked
AB10000119;Ship5520 Ltd;Gerard van Herpen;5I;Platinum;Ltd;Retail;50059512;Blocked
AB10000120;Move2615 Ltd;Olivia Davis;1E;Gold;CIC;Healthcare;50027381;Blocked
AB10000121;Move8635 Ltd;Daniel Smith;9M;Gold;PLC;Wholesale;50046807;Blocked
AB10000122;Trans6747 Ltd;Alice Thompson;4H;Gold;CIC;Retail;50027333;Blocked
AB10000123;Carry6219 Ltd;Olivia Davis;9M;Bronze;PLC;Healthcare;50006758;Active
AB10000124;Ship5516 Ltd;Gerard van Herpen;7K;Silver;Ltd;Finance;50001708;Blocked
AB10000125;Trans8892 Ltd;Sophie Green;4H;Bronze;Unlimited;Finance;50088569;Blocked
AB10000126;Carry3631 Ltd;Olivia Davis;5I;Silver;Unlimited;Technology;50026649;Blocked
AB10000127;Move3678 Ltd;Emma Johnson;7K;Platinum;Unlimited;Technology;50089670;Active
AB10000128;Move5787 Ltd;William Clark;9M;Silver;Unlimited;Retail;50038724;Active
AB10000129;Carry6917 Ltd;Emma Johnson;0N;Platinum;CIC;Manufacturing;50006485;Blocked
AB10000130;Trans4880 Ltd;Emma Johnson;6J;Gold;Unlimited;Manufacturing;50001309;Blocked
AB10000131;Ship9372 Ltd;Alice Thompson;0N;Platinum;PLC;Wholesale;50019387;Active
AB10000132;Trans8352 Ltd;Sophie Green;5I;Platinum;Ltd;Education;50008764;Blocked
AB10000133;Trans1527 Ltd;Sophie Green;3G;Gold;Unlimited;Retail;50067057;Blocked
AB10000134;Move1598 Ltd;James White;0N;Silver;Ltd;Education;50063489;Blocked
AB10000135;Ship2186 Ltd;Emma Johnson;7K;Silver;PLC;Wholesale;50054276;Active
AB10000136;Ship5868 Ltd;Michael Brown;3G;Bronze;PLC;Healthcare;50071599;Blocked
AB10000137;Carry7151 Ltd;Alice Thompson;6J;Silver;LLP;Healthcare;50038316;Active
AB10000138;Move1842 Ltd;Emily Lewis;2F;Bronze;Unlimited;Energy;50060761;Blocked
AB10000139;Carry5017 Ltd;Alice Thompson;2F;Platinum;CIC;Finance;50045861;Blocked
AB10000140;Ship3574 Ltd;Michael Brown;2F;Silver;PLC;Energy;50005938;Active
AB10000141;Trans6579 Ltd;James White;0N;Bronze;PLC;Manufacturing;50068468;Active
AB10000142;Ship5954 Ltd;Michael Brown;6J;Platinum;LLP;Manufacturing;50079683;Blocked
AB10000143;Trans4157 Ltd;Emma Johnson;2F;Platinum;CIC;Healthcare;50025689;Active
AB10000144;Move4147 Ltd;Emily Lewis;4H;Bronze;Unlimited;Wholesale;50072651;Active
AB10000145;Move7990 Ltd;Gerard van Herpen;7K;Gold;CIC;Finance;50025369;Blocked
AB10000146;Ship5947 Ltd;Emily Lewis;7K;Bronze;LLP;Healthcare;50069014;Active
AB10000147;Ship2119 Ltd;Daniel Smith;9M;Platinum;Ltd;Wholesale;50059449;Active
AB10000148;Ship4720 Ltd;Emily Lewis;4H;Silver;PLC;Education;50018415;Blocked
AB10000149;Ship4857 Ltd;Daniel Smith;5I;Bronze;PLC;Energy;50051820;Blocked
AB10000150;Move8089 Ltd;Alice Thompson;7K;Silver;LLP;Wholesale;50097575;Blocked
AB10000151;Trans6755 Ltd;Alice Thompson;2F;Platinum;Ltd;Energy;50042047;Blocked
AB10000152;Carry6721 Ltd;Emily Lewis;1E;Silver;PLC;Retail;50066013;Active
AB10000153;Ship1009 Ltd;Daniel Smith;2F;Gold;Unlimited;Education;50067678;Active
AB10000154;Ship9610 Ltd;William Clark;9M;Platinum;PLC;Technology;50028907;Blocked
AB10000155;Move7871 Ltd;Gerard van Herpen;8L;Bronze;PLC;Retail;50000475;Blocked
AB10000156;Ship5418 Ltd;Emma Johnson;7K;Silver;LLP;Wholesale;50066209;Active
AB10000157;Carry2822 Ltd;Gerard van Herpen;6J;Bronze;LLP;Finance;50090949;Blocked
AB10000158;Trans8230 Ltd;Emily Lewis;3G;Gold;LLP;Wholesale;50074916;Active
AB10000159;Move1753 Ltd;Sophie Green;5I;Platinum;Ltd;Technology;50058667;Active
AB10000160;Carry1168 Ltd;William Clark;5I;Bronze;Ltd;Manufacturing;50023687;Active
AB10000161;Ship7142 Ltd;Alice Thompson;5I;Bronze;Unlimited;Energy;50064958;Blocked
AB10000162;Carry1463 Ltd;James White;4H;Silver;LLP;Wholesale;50004710;Blocked
AB10000163;Trans5761 Ltd;Emma Johnson;3G;Platinum;Unlimited;Education;50063547;Active
AB10000164;Carry2970 Ltd;Olivia Davis;7K;Platinum;Ltd;Retail;50023734;Blocked
AB10000165;Trans6599 Ltd;Sophie Green;0N;Gold;Ltd;Healthcare;50026485;Blocked
AB10000166;Ship2847 Ltd;Alice Thompson;0N;Platinum;Ltd;Energy;50069646;Active
AB10000167;Carry6887 Ltd;Gerard van Herpen;3G;Bronze;LLP;Retail;50096978;Blocked
AB10000168;Trans8027 Ltd;William Clark;5I;Gold;CIC;Healthcare;50034728;Blocked
AB10000169;Carry7675 Ltd;Michael Brown;2F;Gold;CIC;Manufacturing;50082422;Active
AB10000170;Ship5776 Ltd;Daniel Smith;2F;Gold;CIC;Wholesale;50011572;Active
AB10000171;Ship5499 Ltd;Emma Johnson;0N;Gold;CIC;Technology;50028692;Active
AB10000172;Move8655 Ltd;Emily Lewis;2F;Platinum;CIC;Technology;50081349;Blocked
AB10000173;Trans4650 Ltd;James White;0N;Gold;Ltd;Healthcare;50065731;Blocked
AB10000174;Ship5344 Ltd;Olivia Davis;3G;Silver;PLC;Retail;50065325;Blocked
AB10000175;Carry2914 Ltd;Emily Lewis;6J;Gold;PLC;Education;50091690;Blocked
AB10000176;Move3263 Ltd;Olivia Davis;1E;Platinum;PLC;Retail;50059293;Active
AB10000177;Ship9862 Ltd;Michael Brown;2F;Silver;LLP;Wholesale;50041761;Active
AB10000178;Trans5465 Ltd;Emily Lewis;4H;Silver;Ltd;Energy;50066604;Active
AB10000179;Move2663 Ltd;Emma Johnson;5I;Silver;PLC;Manufacturing;50079133;Blocked
AB10000180;Ship5450 Ltd;James White;9M;Gold;PLC;Energy;50069259;Blocked
AB10000181;Carry4387 Ltd;Emily Lewis;2F;Silver;PLC;Healthcare;50087379;Blocked
AB10000182;Carry1056 Ltd;Daniel Smith;5I;Bronze;Ltd;Wholesale;50095754;Active
AB10000183;Ship7248 Ltd;Daniel Smith;2F;Platinum;Ltd;Technology;50008847;Blocked
AB10000184;Ship8164 Ltd;James White;7K;Platinum;PLC;Wholesale;50050910;Blocked
AB10000185;Move8456 Ltd;Olivia Davis;9M;Silver;Ltd;Finance;50042069;Blocked
AB10000186;Move9069 Ltd;Michael Brown;3G;Silver;LLP;Education;50025800;Active
AB10000187;Carry4756 Ltd;Emma Johnson;4H;Gold;CIC;Manufacturing;50039642;Blocked
AB10000188;Trans9412 Ltd;Olivia Davis;9M;Gold;PLC;Finance;50077437;Blocked
AB10000189;Trans2966 Ltd;Sophie Green;6J;Platinum;LLP;Healthcare;50050516;Blocked
AB10000190;Ship6953 Ltd;Sophie Green;5I;Platinum;Unlimited;Energy;50013735;Active
AB10000191;Trans4798 Ltd;Alice Thompson;5I;Silver;CIC;Healthcare;50014769;Active
AB10000192;Trans7356 Ltd;Michael Brown;6J;Silver;LLP;Education;50014677;Active
AB10000193;Move5407 Ltd;Emma Johnson;3G;Platinum;PLC;Healthcare;50087103;Active
AB10000194;Trans1339 Ltd;Gerard van Herpen;4H;Gold;CIC;Wholesale;50050637;Active
AB10000195;Carry9756 Ltd;Gerard van Herpen;5I;Bronze;PLC;Wholesale;50074256;Blocked
AB10000196;Ship4485 Ltd;Emily Lewis;8L;Gold;Unlimited;Wholesale;50075245;Blocked
AB10000197;Ship5900 Ltd;Alice Thompson;3G;Platinum;PLC;Finance;50031049;Active
AB10000198;Move1150 Ltd;James White;6J;Bronze;Unlimited;Finance;50013338;Blocked
AB10000199;Trans7874 Ltd;Michael Brown;8L;Gold;Ltd;Wholesale;50056865;Active
AB10000200;Move1189 Ltd;Alice Thompson;4H;Silver;CIC;Education;50081820;Active
AB10000201;Move7780 Ltd;William Clark;9M;Bronze;Unlimited;Manufacturing;50019114;Active
AB10000202;Move9543 Ltd;Alice Thompson;4H;Bronze;Ltd;Wholesale;50093535;Blocked
AB10000203;Ship1713 Ltd;Olivia Davis;7K;Platinum;Ltd;Wholesale;50036430;Blocked
AB10000204;Trans4289 Ltd;Michael Brown;9M;Platinum;LLP;Manufacturing;50011065;Blocked
AB10000205;Trans9652 Ltd;Gerard van Herpen;2F;Gold;Unlimited;Healthcare;50083924;Active
AB10000206;Move3804 Ltd;Michael Brown;5I;Bronze;Ltd;Energy;50093916;Blocked
AB10000207;Move2908 Ltd;James White;6J;Gold;Unlimited;Education;50012145;Blocked
AB10000208;Ship1280 Ltd;William Clark;3G;Gold;LLP;Retail;50029980;Blocked
AB10000209;Ship2900 Ltd;William Clark;8L;Gold;Unlimited;Manufacturing;50086479;Blocked
AB10000210;Trans6446 Ltd;James White;6J;Platinum;LLP;Finance;50085806;Blocked
AB10000211;Move5993 Ltd;Sophie Green;0N;Gold;Ltd;Energy;50056791;Blocked
AB10000212;Ship7390 Ltd;Emma Johnson;5I;Platinum;Unlimited;Education;50094049;Active
AB10000213;Carry6778 Ltd;James White;0N;Bronze;Ltd;Wholesale;50062786;Blocked
AB10000214;Carry7470 Ltd;Michael Brown;8L;Bronze;CIC;Manufacturing;50001335;Blocked
AB10000215;Move5655 Ltd;Michael Brown;4H;Bronze;CIC;Retail;50054403;Blocked
AB10000216;Ship3995 Ltd;Michael Brown;8L;Bronze;CIC;Manufacturing;50071076;Active
AB10000217;Ship5338 Ltd;Olivia Davis;9M;Bronze;LLP;Finance;50069947;Blocked
AB10000218;Trans2679 Ltd;James White;3G;Platinum;PLC;Healthcare;50085632;Active
AB10000219;Ship5040 Ltd;Alice Thompson;3G;Bronze;PLC;Finance;50073510;Blocked
AB10000220;Ship1378 Ltd;Olivia Davis;8L;Gold;Unlimited;Energy;50018294;Blocked
AB10000221;Ship4574 Ltd;William Clark;7K;Bronze;Unlimited;Finance;50003129;Blocked
AB10000222;Carry8507 Ltd;Michael Brown;5I;Gold;LLP;Retail;50062766;Active
AB10000223;Trans5079 Ltd;Olivia Davis;5I;Bronze;PLC;Education;50032943;Active
AB10000224;Trans2327 Ltd;James White;6J;Gold;LLP;Technology;50003350;Blocked
AB10000225;Carry6984 Ltd;Sophie Green;1E;Silver;LLP;Manufacturing;50092295;Blocked
AB10000226;Trans7121 Ltd;James White;1E;Platinum;CIC;Finance;50083244;Blocked
AB10000227;Carry7056 Ltd;Alice Thompson;5I;Bronze;CIC;Wholesale;50020229;Active
AB10000228;Ship8716 Ltd;Alice Thompson;3G;Silver;CIC;Manufacturing;50009064;Active
AB10000229;Carry4838 Ltd;William Clark;4H;Gold;LLP;Healthcare;50057379;Blocked
AB10000230;Move3620 Ltd;William Clark;5I;Bronze;LLP;Retail;50095613;Blocked
AB10000231;Ship9319 Ltd;William Clark;5I;Silver;PLC;Energy;50082347;Active
AB10000232;Carry8782 Ltd;William Clark;7K;Gold;PLC;Wholesale;50035740;Blocked
AB10000233;Trans7590 Ltd;Alice Thompson;7K;Bronze;Unlimited;Technology;50078381;Blocked
AB10000234;Carry2619 Ltd;Daniel Smith;0N;Silver;Unlimited;Retail;50034642;Blocked
AB10000235;Move6172 Ltd;William Clark;7K;Gold;Ltd;Energy;50092120;Blocked
AB10000236;Ship8935 Ltd;Olivia Davis;7K;Platinum;Unlimited;Retail;50037526;Blocked
AB10000237;Carry5757 Ltd;James White;5I;Silver;Unlimited;Retail;50079643;Active
AB10000238;Carry4989 Ltd;Gerard van Herpen;4H;Silver;CIC;Wholesale;50059576;Active
AB10000239;Ship5238 Ltd;Emma Johnson;1E;Gold;Unlimited;Technology;50094609;Active
AB10000240;Carry5455 Ltd;Alice Thompson;7K;Bronze;CIC;Healthcare;50082437;Active
AB10000241;Move2122 Ltd;William Clark;0N;Silver;PLC;Finance;50075506;Blocked
AB10000242;Carry6236 Ltd;Sophie Green;4H;Platinum;Ltd;Energy;50078171;Blocked
AB10000243;Trans2697 Ltd;Sophie Green;7K;Bronze;Ltd;Finance;50082662;Active
AB10000244;Ship9224 Ltd;Gerard van Herpen;0N;Gold;LLP;Technology;50090316;Active
AB10000245;Carry8882 Ltd;Olivia Davis;2F;Gold;LLP;Healthcare;50019787;Active
AB10000246;Carry1370 Ltd;Michael Brown;7K;Gold;CIC;Finance;50045976;Blocked
AB10000247;Trans7109 Ltd;William Clark;3G;Gold;LLP;Finance;50075888;Active
AB10000248;Ship2915 Ltd;Emma Johnson;0N;Bronze;LLP;Finance;50028722;Active
AB10000249;Ship3909 Ltd;Daniel Smith;0N;Gold;PLC;Education;50098653;Active
AB10000250;Ship5651 Ltd;Michael Brown;2F;Silver;Ltd;Energy;50085868;Active
AB10000251;Carry5471 Ltd;Olivia Davis;3G;Platinum;PLC;Healthcare;50021356;Active
AB10000252;Carry7019 Ltd;James White;6J;Bronze;Ltd;Finance;50040341;Active
AB10000253;Move1457 Ltd;Gerard van Herpen;9M;Silver;Ltd;Finance;50045742;Active
AB10000254;Move9510 Ltd;James White;0N;Silver;PLC;Retail;50029644;Active
AB10000255;Trans3456 Ltd;Michael Brown;2F;Bronze;CIC;Energy;50023564;Active
AB10000256;Move5338 Ltd;Sophie Green;6J;Platinum;Unlimited;Retail;50029195;Active
AB10000257;Trans1726 Ltd;Daniel Smith;0N;Platinum;PLC;Education;50062038;Active
AB10000258;Trans3512 Ltd;William Clark;0N;Gold;Unlimited;Finance;50097692;Blocked
AB10000259;Carry2768 Ltd;Michael Brown;0N;Silver;Unlimited;Retail;50036417;Active
AB10000260;Carry5965 Ltd;William Clark;9M;Platinum;CIC;Retail;50012727;Active
AB10000261;Ship4698 Ltd;Michael Brown;5I;Silver;Unlimited;Wholesale;50027603;Blocked
AB10000262;Ship6207 Ltd;Olivia Davis;5I;Platinum;Unlimited;Energy;50027502;Active
AB10000263;Trans8827 Ltd;Olivia Davis;6J;Bronze;PLC;Energy;50064785;Active
AB10000264;Ship3404 Ltd;Alice Thompson;8L;Silver;Ltd;Healthcare;50012777;Active
AB10000265;Carry1893 Ltd;Sophie Green;7K;Gold;Unlimited;Manufacturing;50095373;Blocked
AB10000266;Move4648 Ltd;Daniel Smith;3G;Platinum;Ltd;Finance;50025859;Blocked
AB10000267;Move2013 Ltd;William Clark;6J;Platinum;CIC;Finance;50066304;Blocked
AB10000268;Ship3001 Ltd;Alice Thompson;3G;Bronze;LLP;Education;50052789;Blocked
AB10000269;Trans1989 Ltd;Emma Johnson;7K;Silver;Unlimited;Finance;50097460;Active
AB10000270;Move9952 Ltd;James White;8L;Silver;LLP;Finance;50055138;Active
AB10000271;Ship2900 Ltd;James White;2F;Platinum;Unlimited;Technology;50030087;Active
AB10000272;Ship5427 Ltd;James White;9M;Silver;LLP;Healthcare;50014680;Blocked
AB10000273;Move3820 Ltd;William Clark;6J;Bronze;Ltd;Education;50091523;Blocked
AB10000274;Trans6453 Ltd;Daniel Smith;2F;Platinum;Unlimited;Healthcare;50051592;Active
AB10000275;Ship1569 Ltd;Emily Lewis;4H;Bronze;LLP;Manufacturing;50083850;Active
AB10000276;Move7134 Ltd;Emma Johnson;6J;Bronze;LLP;Healthcare;50097053;Active
AB10000277;Trans7721 Ltd;Sophie Green;7K;Silver;LLP;Wholesale;50025192;Blocked
AB10000278;Carry5565 Ltd;William Clark;2F;Silver;LLP;Education;50097440;Blocked
AB10000279;Move4994 Ltd;Daniel Smith;2F;Silver;Ltd;Technology;50093333;Active
AB10000280;Ship2651 Ltd;Gerard van Herpen;2F;Bronze;LLP;Manufacturing;50078591;Blocked
AB10000281;Ship1004 Ltd;James White;2F;Bronze;LLP;Retail;50026152;Active
AB10000282;Move8457 Ltd;Daniel Smith;7K;Platinum;Unlimited;Education;50076002;Blocked
AB10000283;Move4564 Ltd;James White;4H;Gold;CIC;Finance;50056157;Active
AB10000284;Move8654 Ltd;Alice Thompson;9M;Silver;Ltd;Education;50039143;Blocked
AB10000285;Trans7424 Ltd;Alice Thompson;6J;Bronze;CIC;Education;50005571;Active
AB10000286;Trans6769 Ltd;Gerard van Herpen;9M;Gold;CIC;Manufacturing;50006567;Active
AB10000287;Move1894 Ltd;James White;1E;Silver;PLC;Wholesale;50036827;Blocked
AB10000288;Trans4313 Ltd;Daniel Smith;9M;Gold;LLP;Technology;50072172;Blocked
AB10000289;Move7531 Ltd;James White;5I;Platinum;LLP;Technology;50070179;Blocked
AB10000290;Carry1768 Ltd;Emma Johnson;4H;Bronze;Unlimited;Manufacturing;50020190;Blocked
AB10000291;Trans6481 Ltd;Emily Lewis;5I;Platinum;LLP;Energy;50084621;Active
AB10000292;Trans5430 Ltd;Daniel Smith;4H;Silver;Unlimited;Energy;50004068;Active
AB10000293;Ship1402 Ltd;Michael Brown;2F;Platinum;Ltd;Healthcare;50030417;Active
AB10000294;Carry8702 Ltd;Olivia Davis;5I;Bronze;Unlimited;Manufacturing;50074207;Blocked
AB10000295;Ship9408 Ltd;Olivia Davis;7K;Platinum;Unlimited;Finance;50097630;Active
AB10000296;Move7027 Ltd;Alice Thompson;4H;Silver;LLP;Energy;50064606;Blocked
AB10000297;Carry2884 Ltd;William Clark;4H;Silver;CIC;Healthcare;50038005;Blocked
AB10000298;Ship6978 Ltd;Olivia Davis;5I;Platinum;CIC;Education;50082689;Blocked
AB10000299;Trans6347 Ltd;Emily Lewis;5I;Platinum;CIC;Manufacturing;50078772;Blocked
AB10000300;Carry1705 Ltd;Olivia Davis;1E;Gold;Ltd;Retail;50096149;Blocked
AB10000301;Carry6844 Ltd;Emily Lewis;3G;Silver;Ltd;Finance;50059442;Blocked
AB10000302;Carry6123 Ltd;William Clark;5I;Platinum;Unlimited;Healthcare;50069561;Blocked
AB10000303;Ship3317 Ltd;William Clark;7K;Gold;Unlimited;Education;50027378;Blocked
AB10000304;Ship8796 Ltd;Sophie Green;7K;Bronze;PLC;Technology;50061739;Blocked
AB10000305;Ship6861 Ltd;James White;9M;Gold;LLP;Wholesale;50080349;Blocked
AB10000306;Trans9135 Ltd;Gerard van Herpen;0N;Bronze;Unlimited;Retail;50066904;Blocked
AB10000307;Trans9146 Ltd;William Clark;6J;Platinum;Ltd;Healthcare;50001323;Active
AB10000308;Carry6306 Ltd;Emily Lewis;3G;Silver;PLC;Education;50017738;Blocked
AB10000309;Ship1586 Ltd;Sophie Green;6J;Silver;Ltd;Retail;50079550;Active
AB10000310;Move8300 Ltd;Olivia Davis;4H;Platinum;Ltd;Education;50031986;Blocked
AB10000311;Ship5489 Ltd;Olivia Davis;6J;Platinum;Ltd;Technology;50031710;Blocked
AB10000312;Carry6190 Ltd;Gerard van Herpen;1E;Platinum;Ltd;Finance;50038272;Active
AB10000313;Trans1519 Ltd;Olivia Davis;4H;Silver;LLP;Technology;50017208;Blocked
AB10000314;Trans1873 Ltd;Alice Thompson;7K;Bronze;Ltd;Healthcare;50004607;Active
AB10000315;Move9846 Ltd;Olivia Davis;0N;Platinum;CIC;Education;50029637;Active
AB10000316;Move3493 Ltd;James White;2F;Gold;CIC;Wholesale;50022676;Blocked
AB10000317;Ship2974 Ltd;Gerard van Herpen;0N;Platinum;CIC;Wholesale;50029330;Blocked
AB10000318;Move3763 Ltd;Michael Brown;6J;Platinum;Ltd;Energy;50025233;Active
AB10000319;Ship1412 Ltd;Sophie Green;9M;Bronze;Ltd;Wholesale;50060381;Active
AB10000320;Ship3377 Ltd;Olivia Davis;1E;Platinum;Unlimited;Education;50041477;Blocked
AB10000321;Move9929 Ltd;James White;3G;Platinum;CIC;Manufacturing;50010354;Active
AB10000322;Carry4124 Ltd;Alice Thompson;7K;Bronze;Ltd;Retail;50028343;Blocked
AB10000323;Move5844 Ltd;Sophie Green;5I;Gold;LLP;Education;50058474;Active
AB10000324;Ship9226 Ltd;Olivia Davis;9M;Gold;Unlimited;Retail;50067111;Blocked
AB10000325;Trans3815 Ltd;Sophie Green;0N;Gold;Unlimited;Retail;50055407;Blocked
AB10000326;Move7490 Ltd;Emma Johnson;4H;Silver;CIC;Technology;50015133;Active
AB10000327;Carry6488 Ltd;Emma Johnson;5I;Platinum;LLP;Wholesale;50071986;Blocked
AB10000328;Trans7172 Ltd;Michael Brown;3G;Bronze;LLP;Energy;50071295;Active
AB10000329;Move7192 Ltd;Olivia Davis;2F;Bronze;Unlimited;Healthcare;50076126;Active
AB10000330;Ship6256 Ltd;Daniel Smith;8L;Platinum;CIC;Healthcare;50090666;Blocked
AB10000331;Carry7602 Ltd;Alice Thompson;0N;Gold;CIC;Retail;50072319;Blocked
AB10000332;Trans5159 Ltd;Alice Thompson;2F;Silver;Ltd;Manufacturing;50071463;Blocked
AB10000333;Ship4131 Ltd;Michael Brown;6J;Silver;LLP;Retail;50070385;Blocked
AB10000334;Ship1862 Ltd;Sophie Green;2F;Platinum;Unlimited;Manufacturing;50062880;Blocked
AB10000335;Ship1359 Ltd;Olivia Davis;0N;Platinum;LLP;Energy;50030045;Blocked
AB10000336;Ship6566 Ltd;Gerard van Herpen;7K;Gold;Unlimited;Education;50002759;Blocked
AB10000337;Ship5772 Ltd;Sophie Green;5I;Gold;Ltd;Energy;50082156;Blocked
AB10000338;Carry4395 Ltd;Gerard van Herpen;2F;Platinum;LLP;Education;50096746;Blocked
AB10000339;Carry2141 Ltd;Alice Thompson;5I;Bronze;LLP;Technology;50075758;Active
AB10000340;Ship3557 Ltd;James White;4H;Platinum;CIC;Education;50039558;Blocked
AB10000341;Carry8711 Ltd;Michael Brown;6J;Silver;LLP;Retail;50053094;Blocked
AB10000342;Carry4629 Ltd;Emily Lewis;5I;Bronze;LLP;Finance;50060362;Blocked
AB10000343;Trans8603 Ltd;James White;8L;Silver;CIC;Manufacturing;50008034;Blocked
AB10000344;Ship1867 Ltd;Emily Lewis;7K;Bronze;PLC;Energy;50017065;Active
AB10000345;Trans1661 Ltd;William Clark;6J;Platinum;PLC;Education;50010091;Blocked
AB10000346;Ship3635 Ltd;Alice Thompson;6J;Platinum;Unlimited;Finance;50042713;Active
AB10000347;Move8905 Ltd;Olivia Davis;8L;Silver;PLC;Healthcare;50039308;Active
AB10000348;Trans7162 Ltd;Alice Thompson;2F;Gold;Unlimited;Retail;50017758;Active
AB10000349;Trans3100 Ltd;James White;9M;Platinum;LLP;Manufacturing;50078586;Blocked
AB10000350;Move8700 Ltd;James White;6J;Gold;LLP;Finance;50085268;Blocked
AB10000351;Carry1581 Ltd;Sophie Green;5I;Platinum;Unlimited;Education;50061800;Blocked
AB10000352;Carry1645 Ltd;Daniel Smith;4H;Bronze;PLC;Manufacturing;50005592;Active
AB10000353;Trans2729 Ltd;William Clark;0N;Platinum;PLC;Retail;50013016;Active
AB10000354;Carry6253 Ltd;William Clark;1E;Bronze;LLP;Retail;50067604;Blocked
AB10000355;Trans7984 Ltd;Sophie Green;3G;Platinum;CIC;Manufacturing;50082564;Blocked
AB10000356;Carry1000 Ltd;Olivia Davis;6J;Platinum;LLP;Healthcare;50044349;Blocked
AB10000357;Carry6668 Ltd;Emma Johnson;3G;Bronze;PLC;Technology;50012399;Blocked
AB10000358;Move7872 Ltd;Daniel Smith;8L;Bronze;PLC;Wholesale;50009675;Active
AB10000359;Carry2413 Ltd;Emily Lewis;5I;Platinum;Ltd;Healthcare;50054063;Blocked
AB10000360;Ship2430 Ltd;William Clark;2F;Platinum;Ltd;Wholesale;50018650;Blocked
AB10000361;Trans2117 Ltd;Alice Thompson;3G;Silver;PLC;Retail;50044053;Active
AB10000362;Move1923 Ltd;Michael Brown;3G;Silver;PLC;Healthcare;50075291;Active
AB10000363;Carry1675 Ltd;Michael Brown;7K;Bronze;Unlimited;Retail;50033252;Blocked
AB10000364;Trans2719 Ltd;Gerard van Herpen;7K;Platinum;LLP;Manufacturing;50045846;Active
AB10000365;Move8917 Ltd;William Clark;8L;Platinum;CIC;Finance;50002825;Blocked
AB10000366;Trans6555 Ltd;William Clark;7K;Bronze;LLP;Retail;50006989;Active
AB10000367;Carry9272 Ltd;Olivia Davis;8L;Gold;LLP;Healthcare;50079175;Blocked
AB10000368;Carry2015 Ltd;Olivia Davis;0N;Gold;Unlimited;Technology;50058376;Active
AB10000369;Move7306 Ltd;Daniel Smith;4H;Silver;LLP;Manufacturing;50070070;Active
AB10000370;Carry7591 Ltd;Alice Thompson;0N;Platinum;Unlimited;Manufacturing;50005827;Blocked
AB10000371;Trans9835 Ltd;Emma Johnson;0N;Bronze;CIC;Healthcare;50056061;Active
AB10000372;Ship7847 Ltd;Daniel Smith;1E;Platinum;CIC;Finance;50058426;Active
AB10000373;Ship9011 Ltd;Emily Lewis;1E;Bronze;Ltd;Education;50022240;Active
AB10000374;Move9710 Ltd;William Clark;6J;Bronze;Ltd;Retail;50079843;Blocked
AB10000375;Trans8735 Ltd;Daniel Smith;8L;Platinum;PLC;Retail;50025393;Active
AB10000376;Trans9982 Ltd;Emily Lewis;8L;Silver;Ltd;Finance;50004708;Active
AB10000377;Carry7093 Ltd;Emily Lewis;6J;Silver;LLP;Energy;50029061;Active
AB10000378;Move1271 Ltd;James White;2F;Bronze;CIC;Wholesale;50086390;Active
AB10000379;Trans5953 Ltd;William Clark;9M;Silver;CIC;Manufacturing;50046990;Active
AB10000380;Move4720 Ltd;William Clark;5I;Gold;Ltd;Manufacturing;50031805;Active
AB10000381;Ship8981 Ltd;Michael Brown;9M;Gold;Ltd;Healthcare;50039792;Active
AB10000382;Move3243 Ltd;Alice Thompson;9M;Platinum;PLC;Manufacturing;50023627;Blocked
AB10000383;Move9387 Ltd;James White;0N;Gold;LLP;Manufacturing;50089530;Active
AB10000384;Carry8123 Ltd;Alice Thompson;0N;Silver;PLC;Manufacturing;50055440;Active
AB10000385;Carry4141 Ltd;Daniel Smith;4H;Silver;CIC;Energy;50021163;Blocked
AB10000386;Trans9712 Ltd;Daniel Smith;7K;Gold;CIC;Education;50033509;Active
AB10000387;Ship1386 Ltd;Sophie Green;1E;Gold;Ltd;Energy;50018794;Active
AB10000388;Trans1008 Ltd;James White;9M;Gold;LLP;Manufacturing;50088692;Blocked
AB10000389;Carry7901 Ltd;Alice Thompson;2F;Platinum;CIC;Finance;50059634;Blocked
AB10000390;Move8761 Ltd;Daniel Smith;5I;Silver;PLC;Education;50091310;Active
AB10000391;Ship8339 Ltd;James White;7K;Bronze;PLC;Education;50017450;Active
AB10000392;Carry5266 Ltd;Emma Johnson;2F;Silver;PLC;Retail;50071129;Blocked
AB10000393;Carry6958 Ltd;Olivia Davis;6J;Gold;CIC;Technology;50065240;Active
AB10000394;Trans1666 Ltd;Daniel Smith;9M;Gold;Ltd;Finance;50043020;Active
AB10000395;Ship4187 Ltd;James White;1E;Platinum;Unlimited;Retail;50074285;Active
AB10000396;Ship4470 Ltd;James White;4H;Silver;Ltd;Technology;50025663;Blocked
AB10000397;Ship8025 Ltd;Michael Brown;5I;Gold;CIC;Manufacturing;50037991;Active
AB10000398;Carry4869 Ltd;Daniel Smith;4H;Platinum;LLP;Education;50036168;Active
AB10000399;Move9022 Ltd;William Clark;3G;Silver;Unlimited;Finance;50063400;Active
AB10000400;Carry5577 Ltd;Daniel Smith;4H;Silver;LLP;Education;50023134;Blocked
AB10000401;Trans8563 Ltd;Daniel Smith;0N;Platinum;Ltd;Wholesale;50024595;Active
AB10000402;Trans2209 Ltd;James White;8L;Bronze;CIC;Healthcare;50031058;Active
AB10000403;Carry6967 Ltd;Olivia Davis;6J;Platinum;CIC;Healthcare;50073710;Active
AB10000404;Carry6832 Ltd;Daniel Smith;8L;Bronze;LLP;Education;50048312;Active
AB10000405;Trans3907 Ltd;William Clark;1E;Silver;LLP;Energy;50062888;Active
AB10000406;Move8439 Ltd;Daniel Smith;2F;Silver;LLP;Technology;50022851;Active
AB10000407;Move6370 Ltd;Daniel Smith;9M;Gold;CIC;Technology;50030133;Active
AB10000408;Ship1533 Ltd;Emma Johnson;6J;Platinum;CIC;Finance;50019077;Blocked
AB10000409;Move8677 Ltd;Daniel Smith;6J;Platinum;CIC;Education;50038805;Blocked
AB10000410;Move7053 Ltd;Emily Lewis;6J;Silver;LLP;Technology;50066732;Active
AB10000411;Carry2795 Ltd;James White;7K;Gold;Unlimited;Healthcare;50036868;Blocked
AB10000412;Carry2410 Ltd;Michael Brown;5I;Silver;Unlimited;Healthcare;50012020;Blocked
AB10000413;Move4081 Ltd;William Clark;4H;Silver;LLP;Retail;50048695;Blocked
AB10000414;Trans6128 Ltd;Gerard van Herpen;0N;Platinum;PLC;Retail;50080864;Blocked
AB10000415;Carry8365 Ltd;Emma Johnson;7K;Gold;Unlimited;Manufacturing;50033423;Blocked
AB10000416;Carry3945 Ltd;Michael Brown;1E;Gold;Unlimited;Finance;50044917;Blocked
AB10000417;Ship3918 Ltd;Olivia Davis;7K;Silver;LLP;Finance;50074308;Blocked
AB10000418;Move9472 Ltd;Michael Brown;7K;Gold;LLP;Education;50050062;Active
AB10000419;Move3440 Ltd;Alice Thompson;9M;Silver;LLP;Wholesale;50095594;Active
AB10000420;Move5470 Ltd;Michael Brown;4H;Platinum;PLC;Wholesale;50020498;Blocked
AB10000421;Carry2632 Ltd;Gerard van Herpen;3G;Gold;CIC;Finance;50077599;Blocked
AB10000422;Carry9230 Ltd;Sophie Green;2F;Silver;LLP;Wholesale;50050878;Active
AB10000423;Carry5640 Ltd;Michael Brown;4H;Bronze;LLP;Manufacturing;50020872;Active
AB10000424;Trans1869 Ltd;Gerard van Herpen;7K;Gold;LLP;Education;50087786;Active
AB10000425;Ship6926 Ltd;Olivia Davis;1E;Bronze;PLC;Manufacturing;50008595;Blocked
AB10000426;Ship8215 Ltd;Michael Brown;1E;Silver;LLP;Wholesale;50033672;Blocked
AB10000427;Trans1416 Ltd;Gerard van Herpen;8L;Bronze;Unlimited;Retail;50098563;Blocked
AB10000428;Carry9860 Ltd;William Clark;3G;Bronze;Ltd;Energy;50077695;Active
AB10000429;Carry5714 Ltd;Emma Johnson;8L;Silver;CIC;Education;50058078;Active
AB10000430;Ship7552 Ltd;Alice Thompson;8L;Platinum;Unlimited;Manufacturing;50056386;Active
AB10000431;Trans2979 Ltd;Daniel Smith;9M;Platinum;LLP;Education;50001269;Blocked
AB10000432;Carry8392 Ltd;Michael Brown;8L;Platinum;Unlimited;Manufacturing;50050572;Blocked
AB10000433;Carry2136 Ltd;Alice Thompson;8L;Platinum;CIC;Technology;50017359;Blocked
AB10000434;Ship8412 Ltd;Olivia Davis;5I;Bronze;Unlimited;Manufacturing;50056081;Blocked
AB10000435;Move2844 Ltd;Emma Johnson;3G;Platinum;PLC;Healthcare;50001655;Blocked
AB10000436;Carry9125 Ltd;Michael Brown;6J;Platinum;PLC;Manufacturing;50002165;Active
AB10000437;Trans7403 Ltd;Daniel Smith;0N;Platinum;Ltd;Wholesale;50010136;Blocked
AB10000438;Trans7651 Ltd;James White;0N;Gold;LLP;Education;50088119;Active
AB10000439;Trans3049 Ltd;Olivia Davis;5I;Platinum;Ltd;Finance;50038182;Active
AB10000440;Ship7393 Ltd;Gerard van Herpen;5I;Silver;Ltd;Education;50006927;Blocked
AB10000441;Move2215 Ltd;Sophie Green;2F;Bronze;LLP;Finance;50031682;Active
AB10000442;Ship7198 Ltd;Emma Johnson;4H;Gold;Unlimited;Energy;50052019;Blocked
AB10000443;Ship3168 Ltd;Emma Johnson;2F;Silver;CIC;Technology;50078103;Blocked
AB10000444;Trans7199 Ltd;Daniel Smith;9M;Bronze;PLC;Technology;50068254;Blocked
AB10000445;Carry3439 Ltd;Michael Brown;0N;Gold;Ltd;Technology;50031770;Blocked
AB10000446;Trans5078 Ltd;Emma Johnson;3G;Silver;CIC;Manufacturing;50024686;Active
AB10000447;Trans4458 Ltd;James White;4H;Platinum;PLC;Technology;50025959;Blocked
AB10000448;Ship4947 Ltd;William Clark;5I;Silver;Ltd;Technology;50026748;Active
AB10000449;Move8228 Ltd;Emma Johnson;2F;Bronze;CIC;Manufacturing;50008046;Active
AB10000450;Ship5094 Ltd;William Clark;6J;Platinum;Unlimited;Finance;50079584;Active
AB10000451;Trans9622 Ltd;Gerard van Herpen;9M;Platinum;Unlimited;Retail;50018381;Blocked
AB10000452;Move8037 Ltd;Emily Lewis;1E;Bronze;LLP;Technology;50092862;Active
AB10000453;Carry5128 Ltd;Alice Thompson;2F;Silver;LLP;Education;50032796;Active
AB10000454;Trans4551 Ltd;William Clark;9M;Gold;Ltd;Education;50053771;Active
AB10000455;Carry3653 Ltd;Michael Brown;6J;Silver;CIC;Education;50080194;Blocked
AB10000456;Ship6507 Ltd;Gerard van Herpen;2F;Bronze;LLP;Energy;50072037;Blocked
AB10000457;Ship3564 Ltd;Gerard van Herpen;2F;Silver;LLP;Healthcare;50085449;Active
AB10000458;Move4484 Ltd;Sophie Green;8L;Bronze;Ltd;Technology;50053455;Active
AB10000459;Ship2393 Ltd;William Clark;4H;Bronze;Ltd;Education;50080856;Blocked
AB10000460;Move8317 Ltd;Olivia Davis;1E;Platinum;CIC;Education;50009774;Active
AB10000461;Trans4976 Ltd;James White;7K;Platinum;CIC;Wholesale;50068866;Active
AB10000462;Move6379 Ltd;James White;0N;Platinum;LLP;Healthcare;50093112;Active
AB10000463;Carry6597 Ltd;Daniel Smith;6J;Gold;Unlimited;Technology;50039758;Blocked
AB10000464;Ship3691 Ltd;Alice Thompson;3G;Gold;Unlimited;Finance;50001960;Blocked
AB10000465;Carry8510 Ltd;Daniel Smith;7K;Silver;Ltd;Wholesale;50045491;Blocked
AB10000466;Ship9828 Ltd;Olivia Davis;0N;Bronze;PLC;Finance;50044454;Blocked
AB10000467;Trans6494 Ltd;Michael Brown;9M;Platinum;Ltd;Manufacturing;50099147;Active
AB10000468;Carry9767 Ltd;Gerard van Herpen;8L;Platinum;LLP;Wholesale;50006835;Active
AB10000469;Ship9812 Ltd;James White;6J;Bronze;Ltd;Manufacturing;50005402;Blocked
AB10000470;Ship4983 Ltd;Olivia Davis;6J;Bronze;PLC;Education;50019744;Blocked
AB10000471;Trans7825 Ltd;James White;6J;Bronze;Ltd;Education;50015176;Blocked
AB10000472;Carry3083 Ltd;Sophie Green;4H;Silver;CIC;Retail;50017365;Active
AB10000473;Trans8015 Ltd;James White;3G;Bronze;LLP;Technology;50028781;Active
AB10000474;Trans4329 Ltd;Alice Thompson;9M;Platinum;CIC;Energy;50032975;Blocked
AB10000475;Ship3871 Ltd;Emily Lewis;7K;Bronze;CIC;Education;50005524;Blocked
AB10000476;Trans4962 Ltd;Olivia Davis;6J;Gold;Unlimited;Wholesale;50052886;Blocked
AB10000477;Trans4758 Ltd;Olivia Davis;8L;Gold;Ltd;Education;50050794;Blocked
AB10000478;Carry9959 Ltd;William Clark;2F;Platinum;CIC;Education;50071351;Active
AB10000479;Move7569 Ltd;Gerard van Herpen;3G;Gold;LLP;Retail;50007459;Blocked
AB10000480;Trans7822 Ltd;Sophie Green;7K;Gold;Ltd;Finance;50003983;Blocked
AB10000481;Carry6544 Ltd;Gerard van Herpen;2F;Platinum;Ltd;Retail;50024145;Active
AB10000482;Ship6961 Ltd;Michael Brown;6J;Silver;CIC;Retail;50066520;Active
AB10000483;Ship1879 Ltd;Olivia Davis;5I;Bronze;LLP;Healthcare;50032872;Active
AB10000484;Move1027 Ltd;Emily Lewis;8L;Gold;CIC;Finance;50021957;Active
AB10000485;Carry4437 Ltd;William Clark;3G;Silver;PLC;Finance;50038729;Active
AB10000486;Trans5741 Ltd;Daniel Smith;3G;Silver;PLC;Energy;50026939;Blocked
AB10000487;Move9947 Ltd;Olivia Davis;2F;Silver;PLC;Energy;50022747;Blocked
AB10000488;Trans2899 Ltd;Daniel Smith;7K;Gold;Unlimited;Technology;50072206;Active
AB10000489;Trans4079 Ltd;James White;8L;Platinum;CIC;Wholesale;50064482;Active
AB10000490;Ship5648 Ltd;William Clark;4H;Gold;CIC;Finance;50006913;Active
AB10000491;Move2123 Ltd;Sophie Green;2F;Gold;Ltd;Technology;50000801;Blocked
AB10000492;Move6293 Ltd;Emily Lewis;9M;Bronze;Ltd;Education;50012633;Blocked
AB10000493;Ship3178 Ltd;Sophie Green;5I;Gold;Unlimited;Healthcare;50073834;Active
AB10000494;Trans9920 Ltd;Daniel Smith;3G;Bronze;CIC;Wholesale;50094027;Active
AB10000495;Ship2144 Ltd;Emily Lewis;9M;Gold;LLP;Finance;50005667;Active
AB10000496;Trans5687 Ltd;Olivia Davis;6J;Platinum;PLC;Energy;50007484;Active
AB10000497;Carry8557 Ltd;Olivia Davis;9M;Platinum;CIC;Healthcare;50035720;Active
AB10000498;Carry4352 Ltd;Emma Johnson;4H;Silver;Unlimited;Technology;50026343;Blocked
AB10000499;Carry7529 Ltd;James White;0N;Platinum;Unlimited;Wholesale;50029791;Active
AB10000500;Move6042 Ltd;Daniel Smith;5I;Silver;Unlimited;Wholesale;50007105;Blocked
AB10000501;Trans9178 Ltd;William Clark;3G;Gold;Ltd;Wholesale;50045546;Blocked
AB10000502;Move1063 Ltd;Sophie Green;5I;Gold;Ltd;Education;50039711;Active
AB10000503;Trans8737 Ltd;Daniel Smith;9M;Platinum;Ltd;Healthcare;50026347;Blocked
AB10000504;Move3796 Ltd;Sophie Green;0N;Silver;LLP;Finance;50079338;Blocked
AB10000505;Move1841 Ltd;Daniel Smith;7K;Gold;LLP;Retail;50009136;Blocked
AB10000506;Ship8633 Ltd;Emily Lewis;5I;Silver;CIC;Healthcare;50067891;Blocked
AB10000507;Carry7625 Ltd;Sophie Green;3G;Platinum;Ltd;Technology;50085877;Blocked
AB10000508;Carry8297 Ltd;Sophie Green;0N;Platinum;PLC;Wholesale;50079298;Blocked
AB10000509;Move1254 Ltd;Gerard van Herpen;8L;Bronze;CIC;Energy;50005607;Blocked
AB10000510;Trans9999 Ltd;Sophie Green;6J;Silver;CIC;Retail;50068471;Active
AB10000511;Move2984 Ltd;James White;2F;Silver;LLP;Healthcare;50021579;Blocked
AB10000512;Carry7586 Ltd;James White;8L;Platinum;Ltd;Manufacturing;50001955;Active
AB10000513;Trans2699 Ltd;James White;7K;Platinum;Ltd;Technology;50075568;Blocked
AB10000514;Move7850 Ltd;Emma Johnson;3G;Bronze;Ltd;Energy;50027453;Active
AB10000515;Trans8783 Ltd;Olivia Davis;7K;Gold;LLP;Energy;50061859;Blocked
AB10000516;Carry7723 Ltd;Alice Thompson;2F;Gold;LLP;Finance;50028796;Active
AB10000517;Trans3115 Ltd;James White;6J;Bronze;Ltd;Technology;50092707;Active
AB10000518;Move3628 Ltd;Emily Lewis;0N;Platinum;LLP;Retail;50096747;Active
AB10000519;Move3342 Ltd;Olivia Davis;3G;Platinum;Ltd;Energy;50002252;Blocked
AB10000520;Move4330 Ltd;Michael Brown;7K;Silver;CIC;Technology;50009287;Active
AB10000521;Ship6464 Ltd;Olivia Davis;5I;Silver;CIC;Wholesale;50079772;Active
AB10000522;Trans5526 Ltd;Michael Brown;3G;Gold;LLP;Healthcare;50080950;Blocked
AB10000523;Move2288 Ltd;Sophie Green;6J;Bronze;Ltd;Wholesale;50051041;Blocked
AB10000524;Carry2327 Ltd;Emma Johnson;0N;Gold;Unlimited;Retail;50088413;Active
AB10000525;Move8793 Ltd;Michael Brown;0N;Silver;Ltd;Retail;50081218;Active
AB10000526;Carry2468 Ltd;Michael Brown;7K;Silver;Unlimited;Retail;50091726;Blocked
AB10000527;Trans2750 Ltd;Emily Lewis;2F;Platinum;LLP;Technology;50083046;Active
AB10000528;Ship6231 Ltd;Michael Brown;9M;Silver;LLP;Technology;50092778;Blocked
AB10000529;Trans5105 Ltd;Alice Thompson;9M;Silver;LLP;Technology;50060171;Active
AB10000530;Move4271 Ltd;Gerard van Herpen;7K;Bronze;Unlimited;Finance;50086320;Active
AB10000531;Ship4990 Ltd;William Clark;3G;Silver;Unlimited;Manufacturing;50071909;Active
AB10000532;Trans8085 Ltd;Olivia Davis;2F;Bronze;Unlimited;Technology;50054920;Blocked
AB10000533;Ship9164 Ltd;Michael Brown;8L;Gold;LLP;Finance;50019464;Blocked
AB10000534;Ship2192 Ltd;Alice Thompson;0N;Bronze;LLP;Energy;50060031;Active
AB10000535;Carry8342 Ltd;Gerard van Herpen;8L;Silver;Unlimited;Healthcare;50013723;Blocked
AB10000536;Trans7385 Ltd;Olivia Davis;9M;Gold;PLC;Manufacturing;50089351;Active
AB10000537;Move3979 Ltd;Gerard van Herpen;7K;Silver;CIC;Retail;50093937;Blocked
AB10000538;Move4890 Ltd;Alice Thompson;7K;Silver;Ltd;Healthcare;50066898;Active
AB10000539;Trans4581 Ltd;Olivia Davis;8L;Bronze;Ltd;Manufacturing;50065471;Blocked
AB10000540;Ship5013 Ltd;Alice Thompson;0N;Bronze;LLP;Education;50076325;Active
AB10000541;Carry4587 Ltd;Sophie Green;5I;Bronze;PLC;Wholesale;50002910;Active
AB10000542;Ship1177 Ltd;Gerard van Herpen;8L;Gold;Unlimited;Healthcare;50093555;Active
AB10000543;Move1632 Ltd;William Clark;0N;Gold;PLC;Finance;50014578;Active
AB10000544;Trans8323 Ltd;Olivia Davis;2F;Platinum;Ltd;Energy;50022207;Blocked
AB10000545;Carry2647 Ltd;Daniel Smith;9M;Bronze;CIC;Manufacturing;50053285;Active
AB10000546;Move2199 Ltd;William Clark;7K;Silver;LLP;Retail;50039967;Blocked
AB10000547;Move1951 Ltd;Sophie Green;5I;Bronze;Unlimited;Manufacturing;50021313;Active
AB10000548;Trans1234 Ltd;Alice Thompson;0N;Gold;PLC;Manufacturing;50012475;Active
AB10000549;Move7348 Ltd;James White;5I;Platinum;LLP;Energy;50058456;Blocked
AB10000550;Carry7964 Ltd;Daniel Smith;9M;Bronze;Ltd;Retail;50023906;Blocked
AB10000551;Carry7732 Ltd;William Clark;3G;Silver;Ltd;Finance;50097335;Active
AB10000552;Carry3045 Ltd;Gerard van Herpen;9M;Bronze;PLC;Healthcare;50096230;Blocked
AB10000553;Carry9150 Ltd;Gerard van Herpen;4H;Platinum;Unlimited;Wholesale;50060204;Blocked
AB10000554;Trans4031 Ltd;James White;8L;Gold;LLP;Finance;50050499;Active
AB10000555;Ship5146 Ltd;Sophie Green;5I;Bronze;CIC;Technology;50032752;Active
AB10000556;Trans3511 Ltd;James White;1E;Bronze;CIC;Finance;50051037;Blocked
AB10000557;Trans2830 Ltd;Alice Thompson;8L;Platinum;Unlimited;Energy;50097969;Blocked
AB10000558;Trans9178 Ltd;Alice Thompson;8L;Silver;LLP;Education;50026456;Blocked
AB10000559;Move3458 Ltd;Gerard van Herpen;6J;Gold;CIC;Education;50085403;Active
AB10000560;Ship7890 Ltd;William Clark;2F;Gold;LLP;Education;50080184;Blocked
AB10000561;Trans1814 Ltd;Daniel Smith;0N;Gold;CIC;Education;50025699;Blocked
AB10000562;Move3488 Ltd;Gerard van Herpen;5I;Bronze;Ltd;Finance;50039726;Blocked
AB10000563;Ship7585 Ltd;Olivia Davis;7K;Platinum;LLP;Healthcare;50020722;Blocked
AB10000564;Trans2418 Ltd;Michael Brown;4H;Silver;LLP;Technology;50050973;Active
AB10000565;Carry6521 Ltd;James White;6J;Platinum;LLP;Energy;50056107;Active
AB10000566;Move8707 Ltd;Emily Lewis;2F;Silver;Ltd;Healthcare;50077605;Blocked
AB10000567;Ship1008 Ltd;Emma Johnson;6J;Gold;LLP;Finance;50041786;Blocked
AB10000568;Trans7337 Ltd;James White;0N;Silver;CIC;Finance;50057801;Active
AB10000569;Trans1359 Ltd;Michael Brown;8L;Bronze;Unlimited;Education;50088055;Blocked
AB10000570;Ship4698 Ltd;Sophie Green;1E;Platinum;Ltd;Retail;50045920;Blocked
AB10000571;Trans8901 Ltd;Alice Thompson;8L;Bronze;CIC;Technology;50098043;Blocked
AB10000572;Move1398 Ltd;Alice Thompson;5I;Platinum;Ltd;Wholesale;50047472;Blocked
AB10000573;Ship1780 Ltd;Michael Brown;4H;Silver;LLP;Healthcare;50040512;Active
AB10000574;Trans8163 Ltd;Daniel Smith;7K;Gold;Ltd;Wholesale;50019243;Blocked
AB10000575;Ship9809 Ltd;Gerard van Herpen;2F;Gold;Ltd;Education;50085501;Active
AB10000576;Trans9527 Ltd;Gerard van Herpen;9M;Silver;CIC;Finance;50061806;Blocked
AB10000577;Ship8733 Ltd;Emily Lewis;5I;Bronze;Ltd;Technology;50012863;Blocked
AB10000578;Move8262 Ltd;Olivia Davis;6J;Bronze;CIC;Healthcare;50077173;Active
AB10000579;Move6882 Ltd;Olivia Davis;5I;Platinum;PLC;Retail;50028012;Blocked
AB10000580;Move2568 Ltd;Alice Thompson;3G;Silver;PLC;Healthcare;50036297;Active
AB10000581;Ship6319 Ltd;Emma Johnson;8L;Platinum;CIC;Wholesale;50067235;Active
AB10000582;Ship5547 Ltd;Daniel Smith;4H;Bronze;PLC;Manufacturing;50011549;Blocked
AB10000583;Trans7705 Ltd;Sophie Green;2F;Gold;LLP;Education;50068681;Active
AB10000584;Ship4922 Ltd;Alice Thompson;8L;Platinum;Ltd;Education;50061472;Active
AB10000585;Ship8897 Ltd;Sophie Green;4H;Silver;LLP;Finance;50078245;Active
AB10000586;Carry3589 Ltd;Emily Lewis;6J;Bronze;PLC;Manufacturing;50084297;Blocked
AB10000587;Ship8865 Ltd;Sophie Green;2F;Platinum;Ltd;Technology;50091087;Blocked
AB10000588;Trans9932 Ltd;Emily Lewis;0N;Gold;Unlimited;Finance;50042449;Active
AB10000589;Ship8810 Ltd;William Clark;6J;Gold;CIC;Finance;50001906;Blocked
AB10000590;Move6611 Ltd;Alice Thompson;1E;Gold;Ltd;Manufacturing;50083041;Active
AB10000591;Carry8624 Ltd;Sophie Green;3G;Platinum;PLC;Finance;50011214;Blocked
AB10000592;Carry3111 Ltd;Alice Thompson;7K;Bronze;CIC;Manufacturing;50036393;Active
AB10000593;Move8638 Ltd;Olivia Davis;9M;Platinum;LLP;Finance;50025052;Active
AB10000594;Move7352 Ltd;James White;5I;Gold;LLP;Wholesale;50051329;Blocked
AB10000595;Carry4686 Ltd;Emma Johnson;2F;Gold;LLP;Education;50022747;Active
AB10000596;Move1612 Ltd;Alice Thompson;6J;Bronze;Ltd;Manufacturing;50051682;Blocked
AB10000597;Move4413 Ltd;Olivia Davis;9M;Silver;CIC;Retail;50074793;Active
AB10000598;Trans5954 Ltd;Sophie Green;3G;Platinum;Unlimited;Wholesale;50029325;Active
AB10000599;Ship7591 Ltd;William Clark;1E;Gold;Ltd;Wholesale;50001005;Active
AB10000600;Carry9249 Ltd;Olivia Davis;8L;Platinum;CIC;Technology;50004511;Blocked
AB10000601;Ship4287 Ltd;Emma Johnson;0N;Gold;CIC;Wholesale;50096359;Blocked
AB10000602;Move3028 Ltd;Emily Lewis;0N;Gold;PLC;Retail;50032154;Active
AB10000603;Carry4498 Ltd;Daniel Smith;9M;Gold;Unlimited;Energy;50062198;Blocked
AB10000604;Carry9508 Ltd;Alice Thompson;6J;Platinum;LLP;Retail;50048610;Blocked
AB10000605;Ship9890 Ltd;Daniel Smith;7K;Platinum;Ltd;Education;50093042;Active
AB10000606;Trans6469 Ltd;Daniel Smith;4H;Bronze;PLC;Technology;50037094;Blocked
AB10000607;Trans6869 Ltd;Emily Lewis;3G;Platinum;CIC;Wholesale;50022952;Active
AB10000608;Move1778 Ltd;Michael Brown;8L;Platinum;Ltd;Wholesale;50037861;Active
AB10000609;Move9130 Ltd;Gerard van Herpen;4H;Silver;PLC;Retail;50006292;Blocked
AB10000610;Move3517 Ltd;Michael Brown;9M;Bronze;CIC;Energy;50066216;Blocked
AB10000611;Ship6257 Ltd;William Clark;5I;Silver;LLP;Manufacturing;50010032;Active
AB10000612;Trans9703 Ltd;Gerard van Herpen;5I;Bronze;Ltd;Healthcare;50071112;Blocked
AB10000613;Carry7967 Ltd;Sophie Green;4H;Platinum;LLP;Wholesale;50057713;Blocked
AB10000614;Carry4798 Ltd;Olivia Davis;9M;Silver;LLP;Healthcare;50054398;Blocked
AB10000615;Carry7292 Ltd;Gerard van Herpen;7K;Bronze;Ltd;Technology;50048215;Blocked
AB10000616;Move7456 Ltd;Daniel Smith;8L;Silver;Ltd;Finance;50032418;Active
AB10000617;Ship9627 Ltd;Daniel Smith;6J;Bronze;LLP;Retail;50000730;Blocked
AB10000618;Trans2730 Ltd;William Clark;0N;Platinum;PLC;Wholesale;50057186;Blocked
AB10000619;Move4214 Ltd;Michael Brown;8L;Bronze;Unlimited;Education;50027622;Blocked
AB10000620;Ship7921 Ltd;Michael Brown;4H;Gold;Ltd;Finance;50002810;Active
AB10000621;Trans9568 Ltd;Olivia Davis;3G;Platinum;CIC;Technology;50005704;Active
AB10000622;Carry8430 Ltd;Alice Thompson;7K;Platinum;PLC;Finance;50029390;Active
AB10000623;Move7346 Ltd;Gerard van Herpen;9M;Platinum;CIC;Energy;50044906;Blocked
AB10000624;Carry6129 Ltd;William Clark;2F;Platinum;LLP;Wholesale;50087035;Blocked
AB10000625;Trans3032 Ltd;Sophie Green;7K;Bronze;Unlimited;Technology;50040315;Blocked
AB10000626;Trans1527 Ltd;Michael Brown;5I;Silver;LLP;Finance;50084050;Active
AB10000627;Move9137 Ltd;William Clark;0N;Gold;CIC;Retail;50006225;Blocked
AB10000628;Carry4972 Ltd;Gerard van Herpen;6J;Gold;CIC;Manufacturing;50015301;Blocked
AB10000629;Trans3834 Ltd;Gerard van Herpen;1E;Silver;Ltd;Education;50066684;Active
AB10000630;Trans7798 Ltd;Olivia Davis;2F;Platinum;Unlimited;Manufacturing;50094722;Active
AB10000631;Move8690 Ltd;Emma Johnson;7K;Platinum;LLP;Wholesale;50098586;Active
AB10000632;Trans1693 Ltd;Gerard van Herpen;3G;Gold;PLC;Technology;50030521;Active
AB10000633;Move2453 Ltd;Gerard van Herpen;6J;Gold;PLC;Wholesale;50067253;Active
AB10000634;Move3305 Ltd;William Clark;9M;Gold;PLC;Wholesale;50022765;Active
AB10000635;Ship3229 Ltd;Sophie Green;1E;Platinum;LLP;Finance;50099025;Blocked
AB10000636;Ship7442 Ltd;Sophie Green;3G;Silver;CIC;Healthcare;50071144;Blocked
AB10000637;Trans6106 Ltd;William Clark;0N;Bronze;CIC;Healthcare;50023483;Blocked
AB10000638;Trans1550 Ltd;Michael Brown;2F;Gold;Ltd;Manufacturing;50028865;Active
AB10000639;Trans4303 Ltd;William Clark;0N;Silver;CIC;Energy;50017868;Active
AB10000640;Trans8627 Ltd;Michael Brown;9M;Bronze;LLP;Retail;50051237;Active
AB10000641;Carry8447 Ltd;Emma Johnson;5I;Silver;Ltd;Energy;50077873;Blocked
AB10000642;Trans8961 Ltd;Daniel Smith;6J;Silver;CIC;Finance;50071675;Blocked
AB10000643;Trans4657 Ltd;Gerard van Herpen;5I;Platinum;PLC;Technology;50037424;Active
AB10000644;Carry5542 Ltd;Michael Brown;0N;Bronze;Unlimited;Technology;50014990;Active
AB10000645;Ship6985 Ltd;Emma Johnson;1E;Platinum;Unlimited;Retail;50033823;Blocked
AB10000646;Trans6051 Ltd;Michael Brown;9M;Gold;Ltd;Manufacturing;50011277;Active
AB10000647;Ship9449 Ltd;Sophie Green;8L;Platinum;Unlimited;Manufacturing;50040703;Active
AB10000648;Move3245 Ltd;Gerard van Herpen;4H;Silver;Unlimited;Energy;50049565;Blocked
AB10000649;Move4385 Ltd;Sophie Green;4H;Bronze;CIC;Manufacturing;50061837;Active
AB10000650;Carry9334 Ltd;Olivia Davis;5I;Gold;Unlimited;Finance;50012842;Blocked
AB10000651;Carry6363 Ltd;Daniel Smith;9M;Silver;Unlimited;Wholesale;50067268;Blocked
AB10000652;Trans8812 Ltd;Daniel Smith;2F;Gold;PLC;Wholesale;50014401;Active
AB10000653;Trans6103 Ltd;Michael Brown;3G;Bronze;CIC;Technology;50096750;Active
AB10000654;Trans5494 Ltd;Emily Lewis;0N;Gold;LLP;Technology;50034049;Active
AB10000655;Ship9071 Ltd;Emma Johnson;0N;Platinum;Unlimited;Energy;50016385;Blocked
AB10000656;Move6439 Ltd;Daniel Smith;0N;Bronze;Unlimited;Manufacturing;50095346;Blocked
AB10000657;Ship1598 Ltd;Olivia Davis;1E;Gold;Ltd;Manufacturing;50082434;Blocked
AB10000658;Move3168 Ltd;Michael Brown;5I;Bronze;PLC;Education;50000376;Active
AB10000659;Move9393 Ltd;Emma Johnson;0N;Gold;Ltd;Retail;50081956;Active
AB10000660;Move3583 Ltd;William Clark;8L;Bronze;PLC;Manufacturing;50000643;Active
AB10000661;Trans1526 Ltd;Emily Lewis;3G;Silver;Ltd;Wholesale;50009888;Active
AB10000662;Move5605 Ltd;James White;9M;Bronze;CIC;Technology;50028513;Blocked
AB10000663;Ship7954 Ltd;Alice Thompson;0N;Gold;Ltd;Manufacturing;50011738;Blocked
AB10000664;Carry2642 Ltd;William Clark;2F;Gold;Unlimited;Manufacturing;50001370;Active
AB10000665;Move8035 Ltd;Sophie Green;6J;Bronze;LLP;Technology;50041979;Active
AB10000666;Carry3554 Ltd;Daniel Smith;4H;Bronze;Unlimited;Energy;50034742;Blocked
AB10000667;Move5973 Ltd;Gerard van Herpen;7K;Bronze;Unlimited;Energy;50062318;Active
AB10000668;Carry4691 Ltd;Sophie Green;5I;Silver;PLC;Healthcare;50049406;Blocked
AB10000669;Carry9221 Ltd;Daniel Smith;2F;Platinum;PLC;Retail;50083951;Active
AB10000670;Ship1909 Ltd;Alice Thompson;1E;Silver;Ltd;Technology;50027902;Blocked
AB10000671;Ship1951 Ltd;Alice Thompson;4H;Silver;PLC;Retail;50010359;Blocked
AB10000672;Carry2966 Ltd;James White;4H;Platinum;Ltd;Education;50053719;Blocked
AB10000673;Move5115 Ltd;James White;9M;Platinum;LLP;Healthcare;50044749;Blocked
AB10000674;Carry5771 Ltd;James White;9M;Gold;CIC;Healthcare;50066736;Blocked
AB10000675;Carry9492 Ltd;James White;4H;Silver;PLC;Wholesale;50099657;Active
AB10000676;Carry1275 Ltd;Daniel Smith;8L;Platinum;LLP;Energy;50006884;Blocked
AB10000677;Carry6579 Ltd;James White;8L;Gold;CIC;Technology;50092667;Blocked
AB10000678;Trans7295 Ltd;Michael Brown;3G;Gold;LLP;Energy;50093505;Blocked
AB10000679;Trans1710 Ltd;Daniel Smith;8L;Bronze;LLP;Energy;50052225;Active
AB10000680;Move5589 Ltd;William Clark;3G;Platinum;PLC;Retail;50019162;Blocked
AB10000681;Ship7989 Ltd;William Clark;5I;Gold;CIC;Technology;50056948;Active
AB10000682;Carry9969 Ltd;Emma Johnson;5I;Silver;LLP;Energy;50067933;Blocked
AB10000683;Carry5881 Ltd;Alice Thompson;3G;Silver;LLP;Technology;50003155;Blocked
AB10000684;Trans2945 Ltd;Emma Johnson;2F;Silver;LLP;Energy;50037312;Active
AB10000685;Trans9406 Ltd;Emily Lewis;2F;Platinum;PLC;Finance;50073313;Active
AB10000686;Ship3077 Ltd;Emma Johnson;2F;Platinum;CIC;Healthcare;50009429;Active
AB10000687;Trans9976 Ltd;James White;6J;Bronze;PLC;Retail;50016766;Active
AB10000688;Ship2696 Ltd;Sophie Green;3G;Gold;PLC;Finance;50084197;Active
AB10000689;Ship7761 Ltd;Alice Thompson;8L;Silver;PLC;Energy;50069508;Blocked
AB10000690;Ship2337 Ltd;Gerard van Herpen;9M;Platinum;CIC;Energy;50087804;Blocked
AB10000691;Ship3810 Ltd;Olivia Davis;9M;Silver;CIC;Healthcare;50074216;Blocked
AB10000692;Carry1292 Ltd;Olivia Davis;5I;Bronze;CIC;Retail;50033026;Blocked
AB10000693;Ship7226 Ltd;James White;6J;Bronze;CIC;Technology;50076012;Active
AB10000694;Carry9036 Ltd;James White;1E;Bronze;PLC;Education;50019578;Blocked
AB10000695;Trans3844 Ltd;Emily Lewis;6J;Gold;LLP;Education;50091982;Blocked
AB10000696;Move3402 Ltd;Alice Thompson;8L;Bronze;LLP;Finance;50083784;Blocked
AB10000697;Move4365 Ltd;Michael Brown;5I;Platinum;Ltd;Retail;50062707;Active
AB10000698;Ship8175 Ltd;Olivia Davis;0N;Platinum;LLP;Energy;50029550;Blocked
AB10000699;Carry7041 Ltd;James White;3G;Platinum;PLC;Wholesale;50021464;Blocked
AB10000700;Ship9229 Ltd;Olivia Davis;2F;Gold;Ltd;Healthcare;50019844;Blocked
AB10000701;Carry9787 Ltd;James White;3G;Gold;Ltd;Healthcare;50004839;Active
AB10000702;Trans6452 Ltd;James White;8L;Platinum;Unlimited;Energy;50051187;Blocked
AB10000703;Carry7109 Ltd;Alice Thompson;7K;Platinum;Ltd;Technology;50004190;Active
AB10000704;Ship1278 Ltd;Emily Lewis;3G;Silver;Ltd;Education;50062512;Active
AB10000705;Move8829 Ltd;Olivia Davis;9M;Silver;Ltd;Energy;50084450;Blocked
AB10000706;Carry3605 Ltd;Daniel Smith;0N;Platinum;CIC;Education;50065290;Active
AB10000707;Carry7760 Ltd;Sophie Green;8L;Platinum;Ltd;Retail;50067928;Blocked
AB10000708;Move1215 Ltd;Gerard van Herpen;1E;Silver;Ltd;Healthcare;50047402;Active
AB10000709;Trans1413 Ltd;James White;9M;Bronze;PLC;Energy;50078541;Blocked
AB10000710;Trans8779 Ltd;Daniel Smith;5I;Gold;CIC;Healthcare;50066768;Blocked
AB10000711;Carry9470 Ltd;William Clark;3G;Silver;Ltd;Manufacturing;50085595;Active
AB10000712;Move9505 Ltd;Sophie Green;3G;Bronze;Ltd;Energy;50009035;Blocked
AB10000713;Ship9774 Ltd;Emma Johnson;5I;Bronze;PLC;Finance;50033794;Blocked
AB10000714;Carry1248 Ltd;Alice Thompson;8L;Gold;Ltd;Retail;50038669;Active
AB10000715;Move7978 Ltd;William Clark;5I;Silver;PLC;Wholesale;50043753;Active
AB10000716;Ship7518 Ltd;Olivia Davis;6J;Bronze;CIC;Finance;50073973;Active
AB10000717;Trans3184 Ltd;Emma Johnson;2F;Gold;LLP;Healthcare;50033376;Blocked
AB10000718;Trans4983 Ltd;Emma Johnson;1E;Gold;LLP;Finance;50022921;Active
AB10000719;Ship1566 Ltd;William Clark;2F;Platinum;Ltd;Education;50092064;Active
AB10000720;Carry1554 Ltd;James White;7K;Bronze;LLP;Manufacturing;50099237;Active
AB10000721;Trans1730 Ltd;Sophie Green;5I;Platinum;Unlimited;Finance;50054755;Blocked
AB10000722;Move5144 Ltd;Emily Lewis;5I;Bronze;LLP;Manufacturing;50019831;Blocked
AB10000723;Trans5951 Ltd;William Clark;7K;Silver;PLC;Retail;50000081;Blocked
AB10000724;Trans1762 Ltd;William Clark;6J;Silver;CIC;Retail;50089335;Blocked
AB10000725;Carry1749 Ltd;Gerard van Herpen;8L;Silver;PLC;Healthcare;50045070;Active
AB10000726;Ship8487 Ltd;Michael Brown;9M;Bronze;LLP;Finance;50070567;Active
AB10000727;Trans7844 Ltd;Emma Johnson;4H;Bronze;Unlimited;Healthcare;50081100;Active
AB10000728;Trans5576 Ltd;Olivia Davis;1E;Silver;LLP;Healthcare;50010265;Blocked
AB10000729;Carry6913 Ltd;James White;8L;Silver;Ltd;Healthcare;50082438;Blocked
AB10000730;Move9985 Ltd;Sophie Green;7K;Platinum;PLC;Finance;50091072;Blocked
AB10000731;Move1913 Ltd;Alice Thompson;8L;Silver;LLP;Retail;50058104;Active
AB10000732;Carry3126 Ltd;Daniel Smith;6J;Gold;PLC;Energy;50085898;Active
AB10000733;Trans3332 Ltd;Gerard van Herpen;2F;Gold;Ltd;Technology;50016092;Active
AB10000734;Move6182 Ltd;William Clark;2F;Bronze;LLP;Technology;50012403;Blocked
AB10000735;Ship4407 Ltd;Daniel Smith;1E;Gold;Unlimited;Finance;50019934;Active
AB10000736;Move5086 Ltd;Michael Brown;8L;Bronze;Ltd;Healthcare;50028033;Active
AB10000737;Carry4231 Ltd;James White;9M;Bronze;CIC;Healthcare;50006082;Active
AB10000738;Trans7923 Ltd;Gerard van Herpen;8L;Gold;Unlimited;Education;50097623;Active
AB10000739;Ship7055 Ltd;Daniel Smith;1E;Gold;CIC;Retail;50088029;Active
AB10000740;Move4505 Ltd;William Clark;3G;Gold;LLP;Finance;50051217;Blocked
AB10000741;Carry7286 Ltd;Alice Thompson;1E;Platinum;Unlimited;Wholesale;50097362;Active
AB10000742;Carry4452 Ltd;Alice Thompson;3G;Platinum;PLC;Technology;50007005;Blocked
AB10000743;Ship5238 Ltd;Daniel Smith;2F;Silver;PLC;Education;50038394;Active
AB10000744;Move9499 Ltd;Daniel Smith;6J;Silver;Ltd;Education;50053723;Active
AB10000745;Trans2793 Ltd;Daniel Smith;3G;Silver;CIC;Retail;50046814;Blocked
AB10000746;Move7756 Ltd;Emma Johnson;7K;Bronze;Ltd;Technology;50085874;Active
AB10000747;Trans3878 Ltd;Alice Thompson;2F;Gold;CIC;Wholesale;50086609;Blocked
AB10000748;Trans4436 Ltd;William Clark;1E;Bronze;LLP;Energy;50072755;Blocked
AB10000749;Ship6632 Ltd;Alice Thompson;2F;Bronze;Ltd;Technology;50075675;Blocked
AB10000750;Carry3553 Ltd;Olivia Davis;7K;Platinum;PLC;Manufacturing;50010795;Active
AB10000751;Trans6884 Ltd;William Clark;2F;Gold;CIC;Finance;50013587;Active
AB10000752;Ship6452 Ltd;Alice Thompson;5I;Bronze;PLC;Healthcare;50018394;Active
AB10000753;Move1862 Ltd;James White;3G;Bronze;CIC;Wholesale;50050257;Active
AB10000754;Carry2107 Ltd;Emily Lewis;5I;Bronze;Unlimited;Manufacturing;50062793;Blocked
AB10000755;Move1808 Ltd;Michael Brown;2F;Gold;PLC;Manufacturing;50006395;Active
AB10000756;Carry9040 Ltd;James White;9M;Bronze;PLC;Education;50099709;Active
AB10000757;Move3723 Ltd;Emma Johnson;6J;Silver;LLP;Healthcare;50001928;Blocked
AB10000758;Trans6089 Ltd;Michael Brown;4H;Platinum;LLP;Wholesale;50050618;Blocked
AB10000759;Trans9890 Ltd;Michael Brown;0N;Silver;CIC;Retail;50034424;Active
AB10000760;Trans9181 Ltd;Olivia Davis;9M;Silver;PLC;Healthcare;50032118;Active
AB10000761;Carry8405 Ltd;Gerard van Herpen;1E;Bronze;Ltd;Technology;50007582;Blocked
AB10000762;Move3740 Ltd;Sophie Green;7K;Gold;Ltd;Manufacturing;50026697;Active
AB10000763;Trans4427 Ltd;Michael Brown;7K;Gold;CIC;Healthcare;50004642;Active
AB10000764;Move1850 Ltd;James White;5I;Gold;Unlimited;Education;50049415;Active
AB10000765;Carry3682 Ltd;William Clark;2F;Silver;Unlimited;Manufacturing;50033945;Blocked
AB10000766;Ship2674 Ltd;Daniel Smith;5I;Bronze;PLC;Healthcare;50035667;Blocked
AB10000767;Ship8625 Ltd;Michael Brown;2F;Silver;LLP;Education;50050119;Blocked
AB10000768;Move1247 Ltd;Gerard van Herpen;4H;Platinum;Ltd;Technology;50005084;Blocked
AB10000769;Trans5462 Ltd;Sophie Green;5I;Platinum;CIC;Education;50037953;Blocked
AB10000770;Move7752 Ltd;Olivia Davis;8L;Silver;PLC;Education;50062216;Blocked
AB10000771;Carry8194 Ltd;Olivia Davis;9M;Bronze;Unlimited;Manufacturing;50043853;Active
AB10000772;Trans1336 Ltd;Daniel Smith;6J;Platinum;CIC;Finance;50091110;Blocked
AB10000773;Trans2677 Ltd;Emma Johnson;6J;Silver;LLP;Healthcare;50051745;Active
AB10000774;Carry7872 Ltd;Alice Thompson;8L;Bronze;PLC;Education;50039205;Active
AB10000775;Carry7848 Ltd;Sophie Green;9M;Bronze;CIC;Healthcare;50069012;Active
AB10000776;Ship7383 Ltd;Sophie Green;1E;Bronze;Ltd;Healthcare;50000160;Active
AB10000777;Move8935 Ltd;Emma Johnson;1E;Gold;PLC;Energy;50096406;Blocked
AB10000778;Ship6859 Ltd;Emily Lewis;2F;Silver;CIC;Healthcare;50011245;Blocked
AB10000779;Carry3851 Ltd;Sophie Green;2F;Bronze;LLP;Education;50063129;Blocked
AB10000780;Move8545 Ltd;Daniel Smith;5I;Silver;LLP;Education;50035452;Blocked
AB10000781;Carry4503 Ltd;William Clark;9M;Platinum;Unlimited;Retail;50033965;Blocked
AB10000782;Carry4226 Ltd;Olivia Davis;4H;Gold;PLC;Manufacturing;50035669;Active
AB10000783;Move3121 Ltd;Sophie Green;4H;Silver;LLP;Healthcare;50019996;Blocked
AB10000784;Ship3881 Ltd;Emma Johnson;0N;Silver;PLC;Retail;50016593;Active
AB10000785;Trans3266 Ltd;Michael Brown;9M;Platinum;LLP;Wholesale;50029460;Blocked
AB10000786;Trans1068 Ltd;Alice Thompson;4H;Bronze;CIC;Manufacturing;50077896;Blocked
AB10000787;Trans8157 Ltd;Sophie Green;0N;Bronze;CIC;Energy;50057704;Blocked
AB10000788;Move9452 Ltd;Sophie Green;3G;Platinum;CIC;Healthcare;50091054;Blocked
AB10000789;Move1666 Ltd;Sophie Green;8L;Bronze;Unlimited;Retail;50060739;Blocked
AB10000790;Move1080 Ltd;James White;2F;Silver;PLC;Wholesale;50019553;Active
AB10000791;Ship8356 Ltd;Gerard van Herpen;9M;Gold;Unlimited;Finance;50094543;Active
AB10000792;Ship6445 Ltd;Daniel Smith;6J;Bronze;CIC;Education;50016372;Active
AB10000793;Ship8353 Ltd;Emma Johnson;4H;Gold;Ltd;Healthcare;50090633;Blocked
AB10000794;Trans5589 Ltd;Michael Brown;5I;Silver;LLP;Wholesale;50068255;Blocked
AB10000795;Ship5226 Ltd;Emily Lewis;2F;Silver;CIC;Finance;50079537;Active
AB10000796;Move9115 Ltd;James White;9M;Platinum;PLC;Healthcare;50042802;Blocked
AB10000797;Carry2569 Ltd;Michael Brown;6J;Gold;Unlimited;Energy;50050592;Blocked
AB10000798;Ship8091 Ltd;William Clark;5I;Platinum;LLP;Education;50065845;Blocked
AB10000799;Carry3234 Ltd;William Clark;5I;Bronze;PLC;Retail;50010712;Active
AB10000800;Trans2239 Ltd;Sophie Green;0N;Silver;CIC;Technology;50070811;Active
AB10000801;Trans9499 Ltd;William Clark;3G;Platinum;Ltd;Finance;50022396;Blocked
AB10000802;Carry9760 Ltd;Gerard van Herpen;5I;Silver;PLC;Retail;50072477;Blocked
AB10000803;Trans9798 Ltd;Olivia Davis;7K;Platinum;CIC;Education;50056997;Blocked
AB10000804;Carry9163 Ltd;Emily Lewis;2F;Platinum;PLC;Wholesale;50005630;Blocked
AB10000805;Move6026 Ltd;Emily Lewis;0N;Platinum;CIC;Education;50058403;Blocked
AB10000806;Move5789 Ltd;Emily Lewis;5I;Silver;LLP;Education;50049596;Active
AB10000807;Move2104 Ltd;Daniel Smith;4H;Platinum;Unlimited;Retail;50077182;Active
AB10000808;Trans2265 Ltd;Emma Johnson;9M;Bronze;LLP;Finance;50051656;Active
AB10000809;Trans2792 Ltd;Alice Thompson;4H;Silver;LLP;Manufacturing;50079542;Active
AB10000810;Trans9915 Ltd;Gerard van Herpen;0N;Silver;PLC;Energy;50063492;Blocked
AB10000811;Ship5420 Ltd;Alice Thompson;6J;Bronze;Ltd;Finance;50026305;Blocked
AB10000812;Move5733 Ltd;William Clark;2F;Gold;LLP;Energy;50071511;Blocked
AB10000813;Trans9070 Ltd;Emily Lewis;4H;Bronze;LLP;Retail;50058599;Active
AB10000814;Trans5228 Ltd;Emma Johnson;4H;Bronze;Unlimited;Healthcare;50039856;Active
AB10000815;Carry6841 Ltd;Emma Johnson;3G;Bronze;LLP;Wholesale;50056810;Blocked
AB10000816;Move7416 Ltd;Gerard van Herpen;9M;Silver;PLC;Wholesale;50022959;Active
AB10000817;Ship5633 Ltd;James White;7K;Gold;LLP;Energy;50071727;Active
AB10000818;Trans7093 Ltd;Gerard van Herpen;8L;Platinum;Ltd;Finance;50014419;Blocked
AB10000819;Carry9922 Ltd;Gerard van Herpen;9M;Silver;CIC;Retail;50037126;Blocked
AB10000820;Trans4416 Ltd;Alice Thompson;9M;Gold;Ltd;Wholesale;50088049;Blocked
AB10000821;Move3053 Ltd;Gerard van Herpen;5I;Bronze;Unlimited;Energy;50094070;Active
AB10000822;Move8415 Ltd;Sophie Green;7K;Gold;Unlimited;Retail;50039903;Active
AB10000823;Ship6980 Ltd;Daniel Smith;6J;Platinum;Ltd;Retail;50072609;Blocked
AB10000824;Move7174 Ltd;Emily Lewis;3G;Bronze;LLP;Retail;50069511;Blocked
AB10000825;Carry8898 Ltd;Alice Thompson;4H;Silver;Ltd;Energy;50078668;Active
AB10000826;Trans3222 Ltd;Emily Lewis;8L;Silver;CIC;Finance;50019849;Blocked
AB10000827;Carry5197 Ltd;James White;6J;Bronze;CIC;Technology;50087886;Blocked
AB10000828;Ship6521 Ltd;James White;9M;Bronze;Ltd;Technology;50066257;Active
AB10000829;Trans1569 Ltd;Emily Lewis;8L;Platinum;Unlimited;Energy;50046986;Blocked
AB10000830;Carry1514 Ltd;Michael Brown;4H;Gold;PLC;Technology;50032004;Active
AB10000831;Ship7615 Ltd;Emma Johnson;0N;Silver;LLP;Wholesale;50080868;Active
AB10000832;Trans2451 Ltd;Emily Lewis;5I;Bronze;Ltd;Energy;50061775;Blocked
AB10000833;Carry8454 Ltd;James White;5I;Platinum;PLC;Healthcare;50044799;Active
AB10000834;Carry2923 Ltd;Sophie Green;2F;Platinum;LLP;Education;50002703;Active
AB10000835;Move8807 Ltd;Gerard van Herpen;5I;Bronze;Unlimited;Healthcare;50047622;Blocked
AB10000836;Trans4835 Ltd;Sophie Green;5I;Bronze;LLP;Energy;50066671;Active
AB10000837;Ship1036 Ltd;Emily Lewis;8L;Gold;CIC;Healthcare;50079172;Active
AB10000838;Move8429 Ltd;Daniel Smith;6J;Silver;PLC;Wholesale;50050638;Active
AB10000839;Carry3013 Ltd;Daniel Smith;1E;Gold;LLP;Retail;50053707;Blocked
AB10000840;Move6269 Ltd;Michael Brown;9M;Platinum;LLP;Finance;50079429;Active
AB10000841;Move3908 Ltd;James White;3G;Silver;LLP;Wholesale;50069832;Active
AB10000842;Ship2162 Ltd;Emily Lewis;7K;Silver;LLP;Education;50020069;Active
AB10000843;Trans8815 Ltd;Daniel Smith;7K;Gold;CIC;Manufacturing;50046535;Active
AB10000844;Carry3999 Ltd;Gerard van Herpen;8L;Bronze;Ltd;Finance;50011137;Active
AB10000845;Move9320 Ltd;Michael Brown;9M;Gold;Ltd;Wholesale;50002852;Active
AB10000846;Move6385 Ltd;Daniel Smith;2F;Bronze;PLC;Manufacturing;50095906;Blocked
AB10000847;Carry1881 Ltd;Emily Lewis;3G;Silver;CIC;Education;50043254;Blocked
AB10000848;Ship2228 Ltd;Emily Lewis;1E;Bronze;CIC;Retail;50053045;Active
AB10000849;Ship4062 Ltd;Daniel Smith;9M;Platinum;CIC;Education;50078394;Blocked
AB10000850;Carry5214 Ltd;Michael Brown;2F;Silver;Unlimited;Wholesale;50070934;Active
AB10000851;Carry5567 Ltd;Michael Brown;8L;Bronze;LLP;Retail;50043600;Active
AB10000852;Carry1157 Ltd;Gerard van Herpen;0N;Gold;Unlimited;Manufacturing;50018637;Active
AB10000853;Carry6094 Ltd;Sophie Green;9M;Silver;Unlimited;Retail;50088548;Active
AB10000854;Carry8511 Ltd;Alice Thompson;8L;Gold;PLC;Retail;50019853;Blocked
AB10000855;Carry2194 Ltd;Olivia Davis;3G;Gold;CIC;Energy;50058021;Blocked
AB10000856;Move7249 Ltd;James White;3G;Gold;CIC;Retail;50057380;Active
AB10000857;Trans3171 Ltd;Sophie Green;0N;Bronze;CIC;Technology;50085126;Active
AB10000858;Carry4448 Ltd;Emma Johnson;3G;Bronze;Ltd;Manufacturing;50057723;Active
AB10000859;Move6285 Ltd;James White;5I;Gold;PLC;Education;50014803;Blocked
AB10000860;Move8756 Ltd;Emma Johnson;7K;Platinum;Unlimited;Retail;50088182;Active
AB10000861;Carry2963 Ltd;Olivia Davis;8L;Bronze;PLC;Technology;50025959;Active
AB10000862;Trans5645 Ltd;Emily Lewis;5I;Gold;Unlimited;Finance;50012256;Blocked
AB10000863;Ship7193 Ltd;William Clark;3G;Silver;Unlimited;Retail;50087319;Blocked
AB10000864;Trans2791 Ltd;Michael Brown;4H;Gold;CIC;Finance;50075560;Active
AB10000865;Ship8658 Ltd;Alice Thompson;1E;Silver;Ltd;Energy;50099523;Active
AB10000866;Carry9404 Ltd;Gerard van Herpen;2F;Gold;PLC;Energy;50044996;Active
AB10000867;Ship1802 Ltd;Emily Lewis;6J;Silver;LLP;Manufacturing;50059710;Active
AB10000868;Ship1592 Ltd;James White;5I;Silver;CIC;Retail;50014977;Active
AB10000869;Move9543 Ltd;Alice Thompson;3G;Gold;Unlimited;Wholesale;50032612;Blocked
AB10000870;Trans2827 Ltd;Alice Thompson;1E;Gold;Ltd;Education;50038905;Active
AB10000871;Move2342 Ltd;Emily Lewis;7K;Bronze;Unlimited;Retail;50086849;Active
AB10000872;Carry7375 Ltd;William Clark;3G;Bronze;Unlimited;Technology;50060167;Active
AB10000873;Carry2629 Ltd;Emily Lewis;8L;Gold;CIC;Manufacturing;50099933;Active
AB10000874;Trans3677 Ltd;Sophie Green;5I;Silver;CIC;Retail;50007965;Active
AB10000875;Move2198 Ltd;Gerard van Herpen;1E;Gold;Unlimited;Energy;50011194;Blocked
AB10000876;Ship9055 Ltd;Olivia Davis;3G;Bronze;Ltd;Energy;50005404;Active
AB10000877;Carry8029 Ltd;Alice Thompson;3G;Gold;Ltd;Healthcare;50015554;Blocked
AB10000878;Move1009 Ltd;Olivia Davis;7K;Platinum;Ltd;Healthcare;50068994;Active
AB10000879;Move3537 Ltd;Gerard van Herpen;6J;Silver;Ltd;Retail;50036119;Blocked
AB10000880;Ship9728 Ltd;Sophie Green;8L;Silver;LLP;Retail;50014376;Blocked
AB10000881;Trans1755 Ltd;Sophie Green;9M;Bronze;PLC;Manufacturing;50086193;Active
AB10000882;Carry6975 Ltd;Michael Brown;2F;Silver;LLP;Wholesale;50062692;Active
AB10000883;Trans3378 Ltd;James White;6J;Platinum;Unlimited;Finance;50040173;Active
AB10000884;Carry3888 Ltd;Emma Johnson;6J;Bronze;CIC;Technology;50044301;Blocked
AB10000885;Carry5487 Ltd;James White;7K;Platinum;Ltd;Finance;50093581;Active
AB10000886;Move1060 Ltd;Michael Brown;9M;Gold;Unlimited;Manufacturing;50039640;Active
AB10000887;Move8518 Ltd;Emily Lewis;4H;Platinum;PLC;Healthcare;50006272;Active
AB10000888;Move3601 Ltd;James White;0N;Gold;Unlimited;Manufacturing;50015506;Active
AB10000889;Carry7951 Ltd;William Clark;7K;Silver;LLP;Energy;50027672;Blocked
AB10000890;Carry8345 Ltd;Emily Lewis;3G;Bronze;CIC;Wholesale;50060764;Active
AB10000891;Trans6644 Ltd;Daniel Smith;6J;Gold;CIC;Retail;50054437;Active
AB10000892;Ship3851 Ltd;Alice Thompson;7K;Bronze;CIC;Manufacturing;50067793;Active
AB10000893;Move1921 Ltd;Alice Thompson;4H;Bronze;PLC;Energy;50058414;Active
AB10000894;Carry7828 Ltd;Olivia Davis;8L;Silver;Ltd;Education;50099278;Active
AB10000895;Trans5142 Ltd;Emma Johnson;7K;Platinum;Ltd;Wholesale;50094347;Blocked
AB10000896;Move1482 Ltd;Gerard van Herpen;2F;Bronze;Ltd;Education;50041553;Blocked
AB10000897;Ship2763 Ltd;Olivia Davis;5I;Bronze;CIC;Manufacturing;50061778;Blocked
AB10000898;Trans6481 Ltd;Olivia Davis;5I;Silver;Ltd;Manufacturing;50073664;Blocked
AB10000899;Move9097 Ltd;Emma Johnson;4H;Gold;Ltd;Manufacturing;50076630;Active
AB10000900;Ship4676 Ltd;Emily Lewis;9M;Silver;CIC;Finance;50000618;Blocked
AB10000901;Move1359 Ltd;Daniel Smith;5I;Silver;Ltd;Education;50064363;Blocked
AB10000902;Ship4448 Ltd;Gerard van Herpen;9M;Bronze;LLP;Wholesale;50011355;Blocked
AB10000903;Trans9286 Ltd;James White;8L;Bronze;Unlimited;Manufacturing;50091965;Active
AB10000904;Trans7673 Ltd;James White;7K;Platinum;PLC;Energy;50076285;Blocked
AB10000905;Move4663 Ltd;Gerard van Herpen;0N;Bronze;LLP;Energy;50072223;Active
AB10000906;Trans9300 Ltd;Olivia Davis;2F;Gold;LLP;Retail;50049946;Active
AB10000907;Ship2047 Ltd;Gerard van Herpen;4H;Silver;Ltd;Finance;50073181;Blocked
AB10000908;Ship3607 Ltd;Emily Lewis;7K;Platinum;PLC;Wholesale;50069057;Active
AB10000909;Move2074 Ltd;Sophie Green;5I;Silver;LLP;Retail;50095851;Active
AB10000910;Carry9926 Ltd;Olivia Davis;9M;Gold;LLP;Technology;50086026;Active
AB10000911;Carry7101 Ltd;Michael Brown;3G;Bronze;Unlimited;Wholesale;50069671;Blocked
AB10000912;Ship7921 Ltd;James White;2F;Platinum;CIC;Healthcare;50055232;Blocked
AB10000913;Move6764 Ltd;Daniel Smith;0N;Gold;Unlimited;Manufacturing;50031310;Blocked
AB10000914;Ship9837 Ltd;Olivia Davis;4H;Platinum;Unlimited;Retail;50053996;Active
AB10000915;Carry5346 Ltd;Daniel Smith;7K;Bronze;Unlimited;Technology;50057967;Active
AB10000916;Ship7286 Ltd;James White;1E;Bronze;PLC;Energy;50071540;Active
AB10000917;Carry7750 Ltd;Emily Lewis;7K;Platinum;PLC;Energy;50062433;Active
AB10000918;Move6826 Ltd;Emma Johnson;0N;Bronze;Ltd;Finance;50027280;Blocked
AB10000919;Ship4888 Ltd;William Clark;6J;Platinum;CIC;Wholesale;50078282;Active
AB10000920;Move4711 Ltd;Daniel Smith;6J;Platinum;CIC;Healthcare;50010516;Active
AB10000921;Move6089 Ltd;Olivia Davis;6J;Silver;CIC;Education;50048045;Active
AB10000922;Ship3346 Ltd;Olivia Davis;6J;Bronze;Unlimited;Healthcare;50056478;Blocked
AB10000923;Trans7806 Ltd;Daniel Smith;0N;Bronze;Unlimited;Healthcare;50063097;Active
AB10000924;Carry5829 Ltd;Sophie Green;2F;Platinum;PLC;Retail;50019245;Blocked
AB10000925;Carry2384 Ltd;Daniel Smith;1E;Silver;PLC;Technology;50013740;Blocked
AB10000926;Trans3787 Ltd;Daniel Smith;8L;Gold;PLC;Healthcare;50056399;Blocked
AB10000927;Carry7312 Ltd;Daniel Smith;5I;Bronze;LLP;Manufacturing;50058477;Active
AB10000928;Carry8356 Ltd;Michael Brown;6J;Platinum;Unlimited;Healthcare;50016987;Blocked
AB10000929;Move2981 Ltd;James White;6J;Silver;Ltd;Energy;50097610;Blocked
AB10000930;Ship1877 Ltd;Olivia Davis;1E;Platinum;LLP;Manufacturing;50003740;Active
AB10000931;Ship4598 Ltd;Daniel Smith;8L;Gold;PLC;Wholesale;50028121;Active
AB10000932;Ship7005 Ltd;Sophie Green;9M;Bronze;Unlimited;Wholesale;50014446;Active
AB10000933;Ship1226 Ltd;Emma Johnson;4H;Gold;CIC;Manufacturing;50089945;Active
AB10000934;Move7703 Ltd;Emma Johnson;6J;Silver;Unlimited;Healthcare;50014759;Active
AB10000935;Trans8264 Ltd;James White;4H;Platinum;CIC;Education;50001422;Blocked
AB10000936;Trans6847 Ltd;Emma Johnson;6J;Bronze;CIC;Finance;50021239;Active
AB10000937;Move4485 Ltd;Emma Johnson;7K;Platinum;PLC;Technology;50078489;Blocked
AB10000938;Move9425 Ltd;Daniel Smith;0N;Bronze;CIC;Education;50021781;Blocked
AB10000939;Move7112 Ltd;Emily Lewis;9M;Gold;CIC;Wholesale;50000377;Active
AB10000940;Carry9474 Ltd;James White;5I;Bronze;LLP;Education;50050056;Blocked
AB10000941;Carry6089 Ltd;Emma Johnson;9M;Bronze;LLP;Technology;50009272;Blocked
AB10000942;Move2138 Ltd;Olivia Davis;4H;Gold;Ltd;Healthcare;50077696;Blocked
AB10000943;Trans8296 Ltd;William Clark;3G;Silver;Ltd;Energy;50075567;Active
AB10000944;Carry2771 Ltd;James White;3G;Silver;PLC;Healthcare;50015436;Active
AB10000945;Carry3576 Ltd;James White;1E;Silver;PLC;Energy;50049725;Active
AB10000946;Carry5076 Ltd;William Clark;7K;Gold;PLC;Energy;50089697;Blocked
AB10000947;Move8335 Ltd;Sophie Green;5I;Gold;Unlimited;Retail;50040186;Blocked
AB10000948;Carry3127 Ltd;Olivia Davis;8L;Platinum;LLP;Wholesale;50052625;Active
AB10000949;Carry1112 Ltd;Gerard van Herpen;9M;Platinum;PLC;Manufacturing;50016009;Active
AB10000950;Move1952 Ltd;William Clark;6J;Platinum;Ltd;Energy;50073959;Blocked
AB10000951;Trans4981 Ltd;Emma Johnson;5I;Platinum;LLP;Wholesale;50025954;Blocked
AB10000952;Ship2527 Ltd;Emma Johnson;2F;Platinum;Unlimited;Manufacturing;50086760;Active
AB10000953;Carry5675 Ltd;Alice Thompson;7K;Platinum;LLP;Finance;50027240;Active
AB10000954;Carry6134 Ltd;Emma Johnson;9M;Silver;Ltd;Finance;50033765;Blocked
AB10000955;Ship5309 Ltd;Alice Thompson;6J;Platinum;PLC;Technology;50002494;Active
AB10000956;Carry8257 Ltd;William Clark;8L;Platinum;Unlimited;Technology;50010888;Blocked
AB10000957;Carry9728 Ltd;James White;3G;Bronze;LLP;Manufacturing;50052538;Blocked
AB10000958;Move7199 Ltd;William Clark;7K;Gold;PLC;Wholesale;50089065;Blocked
AB10000959;Ship7283 Ltd;James White;3G;Bronze;LLP;Technology;50095391;Blocked
AB10000960;Trans2798 Ltd;Gerard van Herpen;2F;Bronze;Ltd;Healthcare;50027644;Blocked
AB10000961;Move3515 Ltd;James White;4H;Silver;PLC;Wholesale;50031528;Active
AB10000962;Move8037 Ltd;James White;8L;Gold;Ltd;Wholesale;50001225;Active
AB10000963;Carry8988 Ltd;Emma Johnson;9M;Bronze;CIC;Energy;50011845;Blocked
AB10000964;Carry2350 Ltd;Olivia Davis;0N;Platinum;Ltd;Education;50015774;Blocked
AB10000965;Move2130 Ltd;James White;1E;Bronze;CIC;Energy;50096122;Blocked
AB10000966;Ship2583 Ltd;Michael Brown;8L;Bronze;Ltd;Technology;50022486;Active
AB10000967;Move8461 Ltd;Alice Thompson;0N;Gold;PLC;Retail;50047881;Active
AB10000968;Move1774 Ltd;Olivia Davis;7K;Platinum;PLC;Technology;50034269;Active
AB10000969;Move2096 Ltd;Emma Johnson;7K;Gold;CIC;Wholesale;50099008;Active
AB10000970;Ship9171 Ltd;William Clark;8L;Bronze;Unlimited;Manufacturing;50077106;Active
AB10000971;Carry3021 Ltd;Emily Lewis;4H;Bronze;Unlimited;Wholesale;50084159;Blocked
AB10000972;Move8326 Ltd;Michael Brown;3G;Bronze;Ltd;Energy;50008509;Blocked
AB10000973;Ship1476 Ltd;William Clark;2F;Platinum;LLP;Finance;50000173;Blocked
AB10000974;Carry5944 Ltd;Daniel Smith;1E;Bronze;Unlimited;Wholesale;50099878;Active
AB10000975;Ship7352 Ltd;Gerard van Herpen;9M;Gold;CIC;Healthcare;50057751;Blocked
AB10000976;Trans3754 Ltd;Gerard van Herpen;8L;Gold;Ltd;Energy;50056161;Blocked
AB10000977;Ship4817 Ltd;Michael Brown;5I;Gold;Unlimited;Technology;50013538;Blocked
AB10000978;Ship9275 Ltd;James White;1E;Silver;Unlimited;Retail;50067866;Active
AB10000979;Carry1660 Ltd;Alice Thompson;4H;Platinum;LLP;Education;50037442;Active
AB10000980;Ship7203 Ltd;William Clark;2F;Gold;PLC;Healthcare;50002018;Blocked
AB10000981;Ship8485 Ltd;Michael Brown;7K;Platinum;CIC;Education;50043252;Blocked
AB10000982;Move4587 Ltd;Olivia Davis;3G;Silver;PLC;Retail;50051867;Active
AB10000983;Move3428 Ltd;Olivia Davis;6J;Bronze;Unlimited;Retail;50040450;Blocked
AB10000984;Move6701 Ltd;Alice Thompson;4H;Silver;LLP;Retail;50055952;Active
AB10000985;Carry4140 Ltd;James White;9M;Bronze;PLC;Energy;50069803;Active
AB10000986;Move3879 Ltd;Olivia Davis;5I;Silver;Ltd;Technology;50097111;Blocked
AB10000987;Carry5118 Ltd;Emily Lewis;7K;Gold;LLP;Retail;50062959;Active
AB10000988;Carry2919 Ltd;Emily Lewis;0N;Silver;Ltd;Retail;50080795;Active
AB10000989;Carry3329 Ltd;Michael Brown;8L;Silver;Ltd;Finance;50012124;Active
AB10000990;Trans7754 Ltd;Alice Thompson;2F;Silver;Unlimited;Wholesale;50073431;Active
AB10000991;Trans8384 Ltd;Emma Johnson;0N;Silver;PLC;Retail;50017922;Active
AB10000992;Trans1160 Ltd;James White;3G;Platinum;CIC;Education;50086963;Blocked
AB10000993;Ship9460 Ltd;William Clark;6J;Platinum;LLP;Wholesale;50014464;Active
AB10000994;Carry5033 Ltd;Olivia Davis;6J;Silver;Ltd;Education;50034749;Active
AB10000995;Ship3801 Ltd;William Clark;2F;Silver;LLP;Technology;50026855;Blocked
AB10000996;Ship4540 Ltd;Emily Lewis;9M;Gold;LLP;Manufacturing;50096295;Active
AB10000997;Ship7558 Ltd;James White;0N;Silver;Unlimited;Manufacturing;50084813;Blocked
AB10000998;Trans8777 Ltd;Sophie Green;8L;Gold;PLC;Finance;50028272;Active
AB10000999;Ship9774 Ltd;Daniel Smith;5I;Bronze;LLP;Finance;50062655;Blocked
